Time,Velocity,GForce,Acceleration,Thrust,TWR,Mass,AltitudeFromTerrain,AltitudeFromSea,DownrangeDistance,Latitude,Longitude,Apoapsis,Periapsis,Inclination,OrbitalVelocity,StageDeltaV,
150,452,0,0.7,60,4.31,8.54,99945.39,1447.21,132.5,0,-54.14,100154,98378,0.06,465,943,
151,452,0.06,0.9,4.8,0.35,8.54,99944.84,1465.12,133.06,0,-54.09,100082,97557,0.06,465,944,
152,451,0.06,0.9,4.8,0.35,8.54,99943.96,1508.35,133.95,0,-54,100032,96207,0.06,465,943,
153,450,0.06,0.9,4.8,0.35,8.54,99943.04,1593.86,134.87,0,-53.92,100007,94782,0.06,464,943,
154,450,0.06,0.9,4.8,0.35,8.54,99942.15,1583.7,135.75,0,-53.83,99994,93412,0.06,463,942,
155,449,0.06,0.9,4.8,0.35,8.54,99941.22,1588.05,136.67,0,-53.74,99984,91988,0.06,463,941,
156,449,0.06,0.9,4.8,0.35,8.53,99940.32,1589.42,137.55,0,-53.66,99978,90625,0.06,462,941,
157,448,0.06,0.9,4.8,0.35,8.53,99939.37,1589.91,138.46,0,-53.57,99973,89214,0.06,462,940,
158,448,0.06,0.9,4.8,0.35,8.53,99938.44,1592.26,139.34,0,-53.49,99969,87864,0.06,461,940,
159,447,0.06,0.9,4.8,0.35,8.53,99937.47,1586.71,140.25,0,-53.4,99965,86466,0.06,461,939,
160,447,0.06,0.9,4.8,0.35,8.53,99936.51,1570.35,141.13,0,-53.32,99963,85131,0.06,460,939,
161,446,0.06,0.9,4.8,0.35,8.53,99935.5,1541.49,142.04,0,-53.23,99960,83748,0.06,460,938,
162,445,0.06,0.9,4.8,0.35,8.53,99934.51,1550.11,142.91,0,-53.15,99958,82428,0.06,459,938,
163,445,0.06,0.9,4.8,0.35,8.52,99933.46,1555.12,143.82,0,-53.06,99957,81060,0.06,458,937,
164,444,0.06,0.9,4.8,0.35,8.52,99932.43,1538.04,144.69,0,-52.98,99955,79754,0.06,458,936,
165,444,0.06,0.9,4.8,0.35,8.52,99931.33,1543.27,145.6,0,-52.89,99953,78402,0.06,457,936,
166,443,0.06,0.9,4.8,0.35,8.52,99930.24,1532.21,146.47,0,-52.81,99952,77110,0.06,457,935,
167,443,0.06,0.9,4.8,0.35,8.52,99929.09,1541.71,147.37,0,-52.72,99951,75773,0.06,456,935,
168,442,0.06,0.9,4.8,0.35,8.52,99927.95,1550.76,148.24,0,-52.64,99950,74495,0.06,456,934,
169,441,0.06,0.9,4.8,0.35,8.52,99926.73,1550.51,149.14,0,-52.55,99948,73172,0.06,455,934,
170,441,0.06,0.9,4.8,0.35,8.51,99925.52,1520.05,150,0,-52.47,99947,71909,0.06,454,933,
171,440,0.06,0.9,4.8,0.35,8.51,99924.23,1485.77,150.9,0,-52.38,99946,70601,0.06,454,933,
172,440,0.09,1.11,7.8,0.56,8.51,99922.96,1499.91,151.77,0,-52.3,99945,69081,0.06,453,932,
173,438,0.16,1.69,14.4,1.04,8.51,99921.6,1513.17,152.66,0,-52.22,99943,66145,0.06,452,931,
174,437,0.21,2.17,17.4,1.26,8.5,99920.24,1540,153.52,0,-52.13,99940,62104,0.06,450,929,
175,434,0.25,2.57,21,1.52,8.5,99918.78,1538.12,154.41,0,-52.05,99938,56991,0.06,448,926,
176,432,0.29,2.91,24,1.74,8.49,99917.31,1534.11,155.26,0,-51.97,99936,51552,0.06,445,924,
177,429,0.29,2.92,24,1.74,8.48,99915.71,1546.14,156.13,0,-51.88,99934,45643,0.05,442,921,
178,426,0.29,2.92,24,1.74,8.48,99914.1,1541.88,156.97,0,-51.8,99932,40114,0.05,439,918,
179,423,0.29,2.92,24,1.74,8.47,99912.32,1554.92,157.84,0,-51.72,99930,34509,0.05,437,916,
180,420,0.29,2.92,24,1.74,8.46,99910.52,1590.71,158.67,0,-51.64,99929,29261,0.05,434,913,
181,417,0.29,2.92,24,1.74,8.46,99908.55,1630.62,159.52,0,-51.56,99927,23937,0.04,431,910,
182,415,0.29,2.93,24,1.74,8.45,99906.55,1656.69,160.34,0,-51.48,99926,18951,0.04,428,907,
183,412,0.29,2.93,24,1.75,8.44,99904.34,1637.96,161.18,0,-51.4,99925,13890,0.04,425,904,
184,409,0.29,2.93,24,1.75,8.43,99902.11,1621.96,161.98,0,-51.33,99923,9147,0.04,422,901,
185,406,0.29,2.93,24,1.75,8.43,99899.65,1622.46,162.81,0,-51.25,99922,4331,0.04,420,899,
186,403,0.29,2.93,24,1.75,8.42,99897.15,1618.02,163.61,0,-51.17,99921,0,0.03,417,896,
187,403,0,0.71,60,4.38,8.42,99894.41,1615.39,164.43,0,-51.09,99921,0,0.03,417,895,
188,403,0,0.71,60,4.38,8.42,99891.63,1613.45,165.22,0,-51.02,99921,0,0.03,417,895,
189,403,0,0.71,60,4.38,8.42,99888.59,1599.28,166.04,0,-50.94,99921,0,0.03,417,895,
190,403,0,0,60,4.38,8.42,99885.45,1585.98,166.85,0,-50.86,99921,0,0.03,417,895,
191,403,0,0,60,4.38,8.42,99881.81,1565.48,167.74,0,-50.78,99921,0,0.03,417,895,
192,403,0,0,60,4.38,8.42,99878,1557.93,168.64,0,-50.69,99921,0,0.03,417,895,
193,403,0,0,60,4.38,8.42,99874.44,1562.14,169.43,0,-50.61,99921,0,0.03,417,895,
194,403,0,0,60,4.38,8.42,99870.75,1584.94,170.23,0,-50.54,99921,0,0.03,417,895,
195,403,0,0,60,4.38,8.42,99866.39,1570.3,171.13,0,-50.45,99921,0,0.03,417,895,
196,403,0,0,60,4.38,8.42,99862.35,1578.64,171.94,0,-50.38,99921,0,0.03,417,895,
197,403,0,0,60,4.38,8.42,99858.15,1547.21,172.74,0,-50.3,99921,0,0.03,417,895,
198,403,0,0,60,4.38,8.42,99853.81,1403.68,173.55,0,-50.22,99921,0,0.03,417,895,
199,403,0,0,60,4.38,8.42,99849.32,1327.77,174.35,0,-50.14,99921,0,0.03,417,895,
200,403,0,0,60,4.38,8.42,99844.69,1300.57,175.16,0,-50.07,99921,0,0.03,417,895,
201,403,0,0,60,4.38,8.42,99839.91,1280.67,175.97,0,-49.99,99921,0,0.03,417,895,
202,403,0,0,60,4.38,8.42,99834.98,1268.51,176.77,0,-49.91,99921,0,0.03,417,895,
203,403,0,0,60,4.38,8.42,99829.91,1272,177.58,0,-49.84,99921,0,0.03,417,895,
204,403,0,0,60,4.38,8.42,99824.7,1251.7,178.39,0,-49.76,99921,0,0.03,417,895,
205,403,0,0,60,4.38,8.42,99819.33,1277.81,179.19,0,-49.68,99921,0,0.03,417,895,
206,403,0,0,60,4.38,8.42,99813.83,1311.59,180,0,-49.6,99921,0,0.03,417,895,
207,403,0,0,60,4.38,8.42,99808.17,1368.04,180.81,0,-49.53,99921,0,0.03,417,895,
208,403,0,0,60,4.38,8.42,99802.38,1510.47,181.61,0,-49.45,99921,0,0.03,417,895,
209,403,0,0,60,4.38,8.42,99796.43,1474.74,182.42,0,-49.37,99921,0,0.03,417,895,
210,403,0,0,60,4.38,8.42,99790.34,1431.46,183.23,0,-49.3,99921,0,0.03,417,895,
211,403,0,0,60,4.38,8.42,99784.11,1426.2,184.04,0,-49.22,99921,0,0.03,417,895,
212,403,0,0,60,4.38,8.42,99777.73,1414.78,184.84,0,-49.14,99921,0,0.03,417,895,
213,403,0,0,60,4.38,8.42,99771.2,1397.28,185.65,0,-49.07,99921,0,0.03,417,895,
214,403,0,0,60,4.38,8.42,99764.53,1394.81,186.46,0,-48.99,99921,0,0.03,417,895,
215,403,0,0,60,4.38,8.42,99757.71,1374.51,187.26,0,-48.91,99921,0,0.03,417,895,
216,403,0,0,60,4.38,8.42,99750.75,1378.78,188.07,0,-48.83,99921,0,0.03,417,895,
217,403,0,0,60,4.38,8.42,99743.64,1375.98,188.88,0,-48.76,99921,0,0.03,417,895,
218,403,0,0,60,4.38,8.42,99736.39,1375.74,189.68,0,-48.68,99921,0,0.03,417,895,
219,403,0,0,60,4.38,8.42,99728.99,1375.85,190.49,0,-48.6,99921,0,0.03,417,895,
220,403,0,0,60,4.38,8.42,99721.44,1398.44,191.3,-0.01,-48.53,99921,0,0.03,417,895,
221,403,0,0,60,4.38,8.42,99713.75,1437.94,192.11,-0.01,-48.45,99921,0,0.03,417,895,
222,403,0,0,60,4.38,8.42,99705.92,1480.53,192.91,-0.01,-48.37,99921,0,0.03,417,895,
223,403,0,0,60,4.38,8.42,99697.93,1507.34,193.72,-0.01,-48.29,99921,0,0.03,417,895,
224,403,0,0,60,4.38,8.42,99689.81,1553.35,194.53,-0.01,-48.22,99921,0,0.03,417,895,
225,403,0,0,60,4.38,8.42,99681.54,1536.49,195.34,-0.01,-48.14,99921,0,0.03,417,895,
226,403,0,0,60,4.38,8.42,99673.12,1461.64,196.14,-0.01,-48.06,99921,0,0.03,417,895,
227,403,0,0,60,4.38,8.42,99663.26,1391.82,197.07,-0.01,-47.97,99921,0,0.03,417,895,
228,403,0,0,60,4.38,8.42,99655.59,1377.87,197.78,-0.01,-47.91,99921,0,0.03,417,895,
229,403,0,0,60,4.38,8.42,99646.52,1376.88,198.61,-0.01,-47.83,99921,0,0.03,417,895,
230,403,0,0,60,4.38,8.42,99635.98,1430.5,199.55,-0.01,-47.74,99921,0,0.03,417,895,
231,403,0,0,60,4.38,8.42,99623.91,1467.7,200.61,-0.01,-47.64,99921,0,0.03,417,895,
232,404,0,0,60,4.38,8.42,99614.97,1519.1,201.38,-0.01,-47.56,99921,0,0.03,417,895,
233,404,0,0,60,4.38,8.42,99605.29,1610.84,202.21,-0.01,-47.48,99921,0,0.03,417,895,
234,404,0,0,60,4.38,8.42,99594.83,1719.71,203.08,-0.01,-47.4,99921,0,0.03,417,895,
235,404,0,0,60,4.38,8.42,99583.57,1852.87,204.01,-0.01,-47.31,99921,0,0.03,417,895,
236,404,0,0,60,4.38,8.42,99577.62,1959.76,204.49,-0.01,-47.27,99921,0,0.03,417,895,
237,404,0,0,60,4.38,8.42,99565.09,2178.47,205.49,-0.01,-47.17,99921,0,0.03,417,895,
238,404,0,0,60,4.38,8.42,99551.68,2202.59,206.55,-0.01,-47.07,99921,0,0.03,417,895,
239,404,0,0,60,4.38,8.42,99544.62,2251.61,207.1,-0.01,-47.02,99921,0,0.03,417,895,
240,404,0,0,60,4.38,8.42,99529.81,2404.35,208.23,-0.01,-46.91,99921,0,0.03,417,895,
241,404,0,0,60,4.38,8.42,99522.03,2484.9,208.82,-0.01,-46.85,99921,0,0.03,417,895,
242,404,0,0,60,4.38,8.42,99514.01,2412.77,209.42,-0.01,-46.8,99921,0,0.03,417,895,
243,404,0,0,60,4.38,8.42,99497.19,2391.31,210.65,-0.01,-46.68,99921,0,0.03,417,895,
244,404,0,0,60,4.38,8.42,99488.38,2399.81,211.29,-0.01,-46.62,99921,0,0.03,417,895,
245,404,0,0,60,4.38,8.42,99479.3,2420.67,211.94,-0.01,-46.55,99921,0,0.03,417,895,
246,404,0,0,60,4.38,8.42,99460.3,2490.86,213.28,-0.01,-46.43,99921,0,0.03,417,895,
247,404,0,0,60,4.38,8.42,99450.37,2546.33,213.97,-0.01,-46.36,99921,0,0.03,417,895,
248,404,0,0,60,4.38,8.42,99440.15,2613.66,214.68,-0.01,-46.29,99921,0,0.03,417,895,
249,404,0,0,60,4.38,8.42,99429.62,2645.85,215.39,-0.01,-46.23,99921,0,0.03,417,895,
250,404,0,0,60,4.38,8.42,99418.79,2709.51,216.12,-0.01,-46.16,99921,0,0.03,417,895,
251,404,0,0,60,4.38,8.42,99407.65,2792.43,216.86,-0.01,-46.08,99921,0,0.03,417,895,
252,404,0,0,60,4.38,8.42,99384.39,3024.11,218.39,-0.01,-45.94,99921,0,0.03,417,895,
253,404,0,0,60,4.38,8.42,99372.26,3215.2,219.17,-0.01,-45.86,99921,0,0.03,417,895,
254,404,0,0,60,4.38,8.42,99359.8,3252.21,219.96,-0.01,-45.79,99921,0,0.03,417,895,
255,404,0,0,60,4.38,8.42,99346.99,3124.03,220.77,-0.01,-45.71,99921,0,0.03,418,895,
256,404,0,0,60,4.38,8.42,99334,3025.33,221.58,-0.01,-45.63,99921,0,0.03,418,895,
257,404,0,0,60,4.38,8.42,99320.87,2927.93,222.39,-0.01,-45.56,99921,0,0.03,418,895,
258,404,0,0,60,4.38,8.42,99307.59,2831.09,223.2,-0.01,-45.48,99921,0,0.03,418,895,
259,404,0,0,60,4.38,8.42,99294.16,2772.29,224.01,-0.01,-45.4,99921,0,0.03,418,895,
260,404,0,0,60,4.38,8.42,99280.59,2726.18,224.82,-0.01,-45.33,99921,0,0.03,418,895,
261,404,0,0,60,4.38,8.42,99266.87,2680.17,225.63,-0.01,-45.25,99921,0,0.03,418,895,
262,404,0,0,60,4.38,8.42,99253.01,2679.76,226.44,-0.01,-45.17,99921,0,0.03,418,895,
263,404,0,0,60,4.38,8.42,99239.01,2671.06,227.25,-0.01,-45.09,99921,0,0.03,418,895,
264,404,0,0,60,4.38,8.42,99224.86,2663.29,228.06,-0.01,-45.02,99921,0,0.03,418,895,
265,404,0,0,60,4.38,8.42,99210.56,2696.23,228.87,-0.01,-44.94,99921,0,0.03,418,895,
266,404,0,0,60,4.38,8.42,99196.12,2715.85,229.68,-0.01,-44.86,99921,0,0.03,418,895,
267,404,0,0,60,4.38,8.42,99181.54,2708.02,230.49,-0.01,-44.78,99921,0,0.03,418,895,
268,404,0,0,60,4.38,8.42,99166.81,2725.45,231.3,-0.01,-44.71,99921,0,0.03,418,895,
269,404,0,0,60,4.38,8.42,99151.93,2764.49,232.11,-0.01,-44.63,99921,0,0.03,418,895,
270,404,0,0,60,4.38,8.42,99136.91,2797.03,232.92,-0.01,-44.55,99921,0,0.03,418,895,
271,404,0,0,60,4.38,8.42,99121.74,2855.61,233.73,-0.01,-44.47,99921,0,0.03,418,895,
272,404,0,0,60,4.38,8.42,99106.43,2961,234.54,-0.01,-44.4,99921,0,0.03,418,895,
273,404,0,0,60,4.38,8.42,99090.98,3064.13,235.35,-0.01,-44.32,99921,0,0.03,418,895,
274,404,0,0,60,4.38,8.42,99075.38,3211.91,236.16,-0.01,-44.24,99921,0,0.03,418,895,
275,405,0,0,60,4.38,8.42,99059.63,3367.16,236.97,-0.01,-44.16,99921,0,0.03,418,895,
276,405,0,0,60,4.38,8.42,99043.74,3592.89,237.78,-0.01,-44.09,99921,0,0.03,418,895,
277,405,0,0,60,4.38,8.42,99027.71,3622.64,238.59,-0.01,-44.01,99921,0,0.03,418,895,
278,405,0,0,60,4.38,8.42,99011.53,3654.01,239.41,-0.01,-43.93,99921,0,0.03,418,895,
279,405,0,0,60,4.38,8.42,98995.2,3701.57,240.22,-0.01,-43.85,99921,0,0.03,418,895,
280,405,0,0,60,4.38,8.42,98978.74,3724.27,241.03,-0.01,-43.78,99921,0,0.03,418,895,
281,405,0,0,60,4.38,8.42,98962.12,3766.12,241.84,-0.01,-43.7,99921,0,0.03,418,895,
282,405,0,0,60,4.38,8.42,98945.36,3828.12,242.65,-0.01,-43.62,99921,0,0.03,418,895,
283,405,0,0,60,4.38,8.42,98928.46,3896.51,243.46,-0.01,-43.54,99921,0,0.03,418,895,
284,405,0,0,60,4.38,8.42,98911.41,3940.34,244.27,-0.01,-43.47,99921,0,0.03,418,895,
285,405,0,0,60,4.38,8.42,98894.22,3965.42,245.09,-0.01,-43.39,99921,0,0.03,418,895,
286,405,0,0,60,4.38,8.42,98876.88,3967.68,245.9,-0.01,-43.31,99921,0,0.03,418,895,
288,405,0,0,60,4.38,8.42,98841.77,4091.83,247.52,-0.01,-43.16,99921,0,0.03,418,895,
290,405,0,0,60,4.38,8.42,98806.08,4203.55,249.15,-0.01,-43,99921,0,0.03,418,895,
291,405,0,0,60,4.38,8.42,98788.02,4244.4,249.96,-0.01,-42.92,99921,0,0.03,418,895,
292,405,0,0,60,4.38,8.42,98769.82,4232.69,250.77,-0.01,-42.85,99921,0,0.03,419,895,
293,405,0,0,60,4.38,8.42,98751.47,4205.19,251.58,-0.01,-42.77,99921,0,0.03,419,895,
294,405,0,0,60,4.38,8.42,98732.97,4194.77,252.4,-0.01,-42.69,99921,0,0.03,419,895,
295,405,0,0,60,4.38,8.42,98714.34,4199.84,253.21,-0.01,-42.61,99921,0,0.03,419,895,
296,405,0,0,60,4.38,8.42,98695.55,4213.06,254.02,-0.01,-42.54,99921,0,0.03,419,895,
298,405,0,0,60,4.38,8.42,98657.55,4326.89,255.65,-0.01,-42.38,99921,0,0.03,419,895,
299,405,0,0,60,4.38,8.42,98638.33,4319.29,256.46,-0.01,-42.3,99921,0,0.03,419,895,
300,405,0,0,60,4.38,8.42,98618.97,4320.54,257.28,-0.01,-42.23,99921,0,0.03,419,895,
301,405,0,0,60,4.38,8.42,98599.47,4404.35,258.09,-0.01,-42.15,99921,0,0.03,419,895,
302,405,0,0,60,4.38,8.42,98579.82,4569.52,258.9,-0.01,-42.07,99921,0,0.03,419,895,
303,405,0,0,60,4.38,8.42,98560.02,4666.77,259.72,-0.01,-41.99,99921,0,0.03,419,895,
304,405,0,0,60,4.38,8.42,98540.08,4746.16,260.53,-0.01,-41.91,99921,0,0.03,419,895,
305,405,0,0,60,4.38,8.42,98520,4686.9,261.34,-0.01,-41.84,99921,0,0.03,419,895,
306,406,0,0,60,4.38,8.42,98499.77,4617.22,262.16,-0.01,-41.76,99921,0,0.03,419,895,
307,406,0,0,60,4.38,8.42,98479.4,4595.31,262.97,-0.01,-41.68,99921,0,0.03,419,895,
308,406,0,0,60,4.38,8.42,98458.88,4635.77,263.79,-0.01,-41.6,99921,0,0.03,419,895,
309,406,0,0,60,4.38,8.42,98438.22,4548.93,264.6,-0.01,-41.53,99921,0,0.03,419,895,
310,406,0,0,60,4.38,8.42,98417.42,4516.82,265.42,-0.01,-41.45,99921,0,0.03,419,895,
311,406,0,0,60,4.38,8.42,98396.47,4509.57,266.23,-0.01,-41.37,99921,0,0.03,419,895,
312,406,0,0,60,4.38,8.42,98375.38,4384.36,267.04,-0.01,-41.29,99921,0,0.03,419,895,
313,406,0,0,60,4.38,8.42,98354.14,4296.75,267.86,-0.01,-41.22,99921,0,0.03,419,895,
314,406,0,0,60,4.38,8.42,98332.76,4226.39,268.67,-0.01,-41.14,99921,0,0.03,419,895,
315,406,0,0,60,4.38,8.42,98311.23,4190.18,269.49,-0.01,-41.06,99921,0,0.03,419,895,
316,406,0,0,60,4.38,8.42,98289.56,4172.02,270.31,-0.01,-40.98,99921,0,0.03,419,895,
317,406,0,0,60,4.38,8.42,98267.75,4140.84,271.12,-0.01,-40.9,99921,0,0.03,419,895,
318,406,0,0,60,4.38,8.42,98245.79,4113.89,271.94,-0.01,-40.83,99921,0,0.03,419,895,
319,406,0,0,60,4.38,8.42,98223.69,4097.28,272.75,-0.01,-40.75,99921,0,0.03,419,895,
320,406,0,0,60,4.38,8.42,98201.44,4100.51,273.57,-0.01,-40.67,99921,0,0.03,420,895,
321,406,0,0,60,4.38,8.42,98179.05,4120.15,274.38,-0.01,-40.59,99921,0,0.03,420,895,
322,406,0,0,60,4.38,8.42,98156.52,4132.94,275.2,-0.01,-40.51,99921,0,0.03,420,895,
323,406,0,0,60,4.38,8.42,98133.84,4150.65,276.02,-0.01,-40.44,99921,0,0.03,420,895,
324,406,0,0,60,4.38,8.42,98111.02,4206.63,276.83,-0.01,-40.36,99921,0,0.03,420,895,
325,406,0,0,60,4.38,8.42,98088.06,4171.02,277.65,-0.01,-40.28,99921,0,0.03,420,895,
326,406,0,0,60,4.38,8.42,98064.95,4159.22,278.46,-0.01,-40.2,99921,0,0.03,420,895,
327,406,0,0,60,4.38,8.42,98041.69,4198.58,279.28,-0.01,-40.12,99921,0,0.03,420,895,
328,406,0,0,60,4.38,8.42,98018.29,4228.36,280.1,-0.01,-40.05,99921,0,0.03,420,895,
329,406,0,0,60,4.38,8.42,97994.75,4196.94,280.91,-0.01,-39.97,99921,0,0.03,420,895,
330,406,0,0,60,4.38,8.42,97971.07,4202.94,281.73,-0.01,-39.89,99921,0,0.03,420,895,
331,407,0,0,60,4.38,8.42,97947.24,4268.88,282.55,-0.01,-39.81,99921,0,0.03,420,895,
332,407,0,0,60,4.38,8.42,97923.27,4269.29,283.37,-0.01,-39.73,99921,0,0.03,420,895,
333,407,0,0,60,4.38,8.42,97899.15,4228.53,284.18,-0.01,-39.66,99921,0,0.03,420,895,
334,407,0,0,60,4.38,8.42,97874.89,4201.71,285,-0.01,-39.58,99921,0,0.03,420,895,
335,407,0,0,60,4.38,8.42,97850.49,4181.32,285.82,-0.01,-39.5,99921,0,0.03,420,895,
336,407,0,0,60,4.38,8.42,97825.94,4178.42,286.64,-0.01,-39.42,99921,0,0.03,420,895,
337,407,0,0,60,4.38,8.42,97801.25,4118.88,287.45,-0.01,-39.34,99921,0,0.03,420,895,
338,407,0,0,60,4.38,8.42,97776.42,4058.33,288.27,-0.01,-39.27,99921,0,0.03,420,895,
339,407,0,0,60,4.38,8.42,97751.44,4021.61,289.09,-0.01,-39.19,99921,0,0.03,420,895,
340,407,0,0,60,4.38,8.42,97726.32,4041.87,289.91,-0.01,-39.11,99921,0,0.03,420,895,
341,407,0,0,60,4.38,8.42,97701.05,4022.52,290.73,-0.01,-39.03,99921,0,0.03,420,895,
342,407,0,0,60,4.38,8.42,97675.64,3994.39,291.55,-0.01,-38.95,99921,0,0.03,420,895,
343,407,0,0,60,4.38,8.42,97650.09,4011.48,292.36,-0.01,-38.87,99921,0,0.03,420,895,
344,407,0,0,60,4.38,8.42,97624.4,3992.62,293.18,-0.01,-38.8,99921,0,0.03,421,895,
345,407,0,0,60,4.38,8.42,97598.56,3965.3,294,-0.01,-38.72,99921,0,0.03,421,895,
346,407,0,0,60,4.38,8.42,97572.57,3974.45,294.82,-0.01,-38.64,99921,0,0.03,421,895,
347,407,0,0,60,4.38,8.42,97546.45,3973.09,295.64,-0.01,-38.56,99921,0,0.03,421,895,
348,407,0,0,60,4.38,8.42,97520.18,3998.77,296.46,-0.01,-38.48,99921,0,0.03,421,895,
349,407,0,0,60,4.38,8.42,97493.77,4159.29,297.28,-0.01,-38.41,99921,0,0.03,421,895,
350,407,0,0,60,4.38,8.42,97467.21,4398.16,298.1,-0.01,-38.33,99921,0,0.03,421,895,
351,407,0,0,60,4.38,8.42,97440.51,4511.49,298.92,-0.01,-38.25,99921,0,0.03,421,895,
352,407,0,0,60,4.38,8.42,97413.67,4438.09,299.74,-0.01,-38.17,99921,0,0.03,421,895,
353,408,0,0,60,4.38,8.42,97386.69,4429.24,300.56,-0.01,-38.09,99921,0,0.03,421,895,
354,408,0,0,60,4.38,8.42,97359.56,4421.77,301.38,-0.01,-38.01,99921,0,0.03,421,895,
355,408,0,0,60,4.38,8.42,97332.29,4411.28,302.2,-0.01,-37.94,99921,0,0.03,421,895,
356,408,0,0,60,4.38,8.42,97304.87,4423.78,303.02,-0.01,-37.86,99921,0,0.03,421,895,
357,408,0,0,60,4.38,8.42,97277.31,4451.23,303.84,-0.01,-37.78,99921,0,0.03,421,895,
358,408,0,0,60,4.38,8.42,97249.61,4503.1,304.67,-0.01,-37.7,99921,0,0.03,421,895,
359,408,0,0,60,4.38,8.42,97221.77,4524.33,305.49,-0.01,-37.62,99921,0,0.03,421,895,
360,408,0,0,60,4.38,8.42,97193.78,4576.43,306.31,-0.01,-37.54,99921,0,0.03,421,895,
361,408,0,0,60,4.38,8.42,97165.65,4633.74,307.13,-0.01,-37.47,99921,0,0.03,421,895,
362,408,0,0,60,4.38,8.42,97137.38,4679.04,307.95,-0.01,-37.39,99921,0,0.03,421,895,
363,408,0,0,60,4.38,8.42,97108.96,4698.22,308.77,-0.01,-37.31,99921,0,0.03,421,895,
364,408,0,0,60,4.38,8.42,97080.41,4726.36,309.6,-0.01,-37.23,99921,0,0.03,421,895,
365,408,0,0,60,4.38,8.42,97051.7,4761.84,310.42,-0.01,-37.15,99921,0,0.03,422,895,
366,408,0,0,60,4.38,8.42,97022.86,4800.59,311.24,-0.01,-37.07,99921,0,0.03,422,895,
367,408,0,0,60,4.38,8.42,96993.87,4847.21,312.06,-0.01,-36.99,99921,0,0.03,422,895,
368,408,0,0,60,4.38,8.42,96964.74,4904.96,312.89,-0.01,-36.92,99921,0,0.03,422,895,
369,408,0,0,60,4.38,8.42,96935.47,4944.77,313.71,-0.01,-36.84,99921,0,0.03,422,895,
370,408,0,0,60,4.38,8.42,96906.06,4970.86,314.53,-0.01,-36.76,99921,0,0.03,422,895,
371,408,0,0,60,4.38,8.42,96876.5,4908.23,315.35,-0.01,-36.68,99921,0,0.03,422,895,
372,408,0,0,60,4.38,8.42,96846.8,4838.6,316.18,-0.01,-36.6,99921,0,0.03,422,895,
373,409,0,0,60,4.38,8.42,96816.95,4821.26,317,-0.01,-36.52,99921,0,0.03,422,895,
374,409,0,0,60,4.38,8.42,96786.97,4817.5,317.83,-0.01,-36.44,99921,0,0.03,422,895,
375,409,0,0,60,4.38,8.42,96756.84,4778.34,318.65,-0.01,-36.37,99921,0,0.03,422,895,
376,409,0,0,60,4.38,8.42,96726.57,4738.44,319.47,-0.01,-36.29,99921,0,0.03,422,895,
377,409,0,0,60,4.38,8.42,96696.16,4736.33,320.3,-0.01,-36.21,99921,0,0.03,422,895,
378,409,0,0,60,4.38,8.42,96665.6,4740.23,321.12,-0.01,-36.13,99921,0,0.03,422,895,
379,409,0,0,60,4.38,8.42,96634.9,4759.06,321.95,-0.01,-36.05,99921,0,0.03,422,895,
380,409,0,0,60,4.38,8.42,96604.06,4831.29,322.77,-0.01,-35.97,99921,0,0.03,422,895,
381,409,0,0,60,4.38,8.42,96573.08,4921.87,323.6,-0.01,-35.89,99921,0,0.03,422,895,
382,409,0,0,60,4.38,8.42,96541.95,4940.33,324.42,-0.01,-35.81,99921,0,0.03,422,895,
383,409,0,0,60,4.38,8.42,96510.69,4878.1,325.25,-0.01,-35.74,99921,0,0.03,422,895,
384,409,0,0,60,4.38,8.42,96479.28,4852.68,326.07,-0.01,-35.66,99921,0,0.03,423,895,
385,409,0,0,60,4.38,8.42,96447.73,4827.35,326.9,-0.01,-35.58,99921,0,0.03,423,895,
386,409,0,0,60,4.38,8.42,96416.03,4796.18,327.72,-0.01,-35.5,99921,0,0.03,423,895,
387,409,0,0,60,4.38,8.42,96384.19,4731.25,328.55,-0.01,-35.42,99921,0,0.03,423,895,
388,409,0,0,60,4.38,8.42,96352.22,4686.19,329.38,-0.01,-35.34,99921,0,0.03,423,895,
389,409,0,0,60,4.38,8.42,96320.1,4641.96,330.2,-0.01,-35.26,99921,0,0.03,423,895,
390,410,0,0,60,4.38,8.42,96287.83,4600.55,331.03,-0.01,-35.18,99921,0,0.03,423,895,
391,410,0,0,60,4.38,8.42,96255.43,4592.27,331.86,-0.01,-35.1,99921,0,0.03,423,895,
392,410,0,0,60,4.38,8.42,96222.88,4606.56,332.68,-0.01,-35.02,99921,0,0.03,423,895,
393,410,0,0,60,4.38,8.42,96190.19,4520.39,333.51,-0.01,-34.95,99921,0,0.03,423,895,
394,410,0,0,60,4.38,8.42,96157.36,4461.69,334.34,-0.01,-34.87,99921,0,0.03,423,895,
395,410,0,0,60,4.38,8.42,96124.39,4435.95,335.16,-0.01,-34.79,99921,0,0.03,423,895,
396,410,0,0,60,4.38,8.42,96091.28,4421.81,335.99,-0.01,-34.71,99921,0,0.03,423,895,
397,410,0,0,60,4.38,8.42,96058.02,4457.88,336.82,-0.01,-34.63,99921,0,0.03,423,895,
398,410,0,0,60,4.38,8.42,96024.62,4463.73,337.65,-0.01,-34.55,99921,0,0.03,423,895,
399,410,0,0,60,4.38,8.42,95991.08,4530.34,338.48,-0.01,-34.47,99921,0,0.03,423,895,
400,410,0,0,60,4.38,8.42,95957.4,4666.72,339.31,-0.01,-34.39,99921,0,0.03,423,895,
401,410,0,0,60,4.38,8.42,95923.58,4653.03,340.13,-0.01,-34.31,99921,0,0.03,424,895,
402,410,0,0,60,4.38,8.42,95889.62,4603.59,340.96,-0.01,-34.23,99921,0,0.03,424,895,
403,410,0,0,60,4.38,8.42,95855.51,4543.61,341.79,-0.01,-34.16,99921,0,0.03,424,895,
404,410,0,0,60,4.38,8.42,95821.26,4485.01,342.62,-0.01,-34.08,99921,0,0.03,424,895,
405,410,0,0,60,4.38,8.42,95786.87,4423.26,343.45,-0.01,-34,99921,0,0.03,424,895,
406,410,0,0,60,4.38,8.42,95752.34,4423.19,344.28,-0.01,-33.92,99921,0,0.03,424,895,
407,411,0,0,60,4.38,8.42,95717.67,4467.05,345.11,-0.01,-33.84,99921,0,0.03,424,895,
408,411,0,0,60,4.38,8.42,95682.86,4462.02,345.94,-0.01,-33.76,99921,0,0.03,424,895,
409,411,0,0,60,4.38,8.42,95647.9,4462.11,346.77,-0.01,-33.68,99921,0,0.03,424,895,
410,411,0,0,60,4.38,8.42,95612.81,4455.21,347.6,-0.01,-33.6,99921,0,0.03,424,895,
411,411,0,0,60,4.38,8.42,95577.57,4461.76,348.43,-0.01,-33.52,99921,0,0.03,424,895,
412,411,0,0,60,4.38,8.42,95542.19,4467.63,349.26,-0.01,-33.44,99921,0,0.03,424,895,
413,411,0,0,60,4.38,8.42,95506.67,4309.87,350.09,-0.01,-33.36,99921,0,0.03,424,895,
414,411,0,0,60,4.38,8.42,95471.01,4241.67,350.93,-0.01,-33.28,99921,0,0.03,424,895,
415,411,0,0,60,4.38,8.42,95435.21,4223.84,351.76,-0.01,-33.2,99921,0,0.03,424,895,
416,411,0,0,60,4.38,8.42,95399.26,4248.99,352.59,-0.01,-33.12,99921,0,0.03,424,895,
417,411,0,0,60,4.38,8.42,95363.18,4262.74,353.42,-0.01,-33.04,99921,0,0.03,424,895,
418,411,0,0,60,4.38,8.42,95326.95,4314.04,354.25,-0.01,-32.97,99921,0,0.03,425,895,
419,411,0,0,60,4.38,8.42,95290.59,4333.51,355.08,-0.01,-32.89,99921,0,0.03,425,895,
420,411,0,0,60,4.38,8.42,95254.08,4412.56,355.92,-0.01,-32.81,99921,0,0.03,425,895,
421,411,0,0,60,4.38,8.42,95217.43,4582.42,356.75,-0.01,-32.73,99921,0,0.03,425,895,
422,412,0,0,60,4.38,8.42,95180.64,4550.31,357.58,-0.01,-32.65,99921,0,0.03,425,895,
423,412,0,0,60,4.38,8.42,95143.71,4532.34,358.42,-0.01,-32.57,99921,0,0.03,425,895,
424,412,0,0,60,4.38,8.42,95106.64,4528.66,359.25,-0.01,-32.49,99921,0,0.03,425,895,
425,412,0,0,60,4.38,8.42,95069.43,4530.01,360.08,-0.01,-32.41,99921,0,0.03,425,895,
426,412,0,0,60,4.38,8.42,95032.08,4476.03,360.92,-0.01,-32.33,99921,0,0.03,425,895,
427,412,0,0,60,4.38,8.42,94994.59,4434.44,361.75,-0.01,-32.25,99921,0,0.03,425,895,
428,412,0,0,60,4.38,8.42,94956.95,4489.03,362.59,-0.01,-32.17,99921,0,0.03,425,895,
429,412,0,0,60,4.38,8.42,94919.18,4478.63,363.42,-0.01,-32.09,99921,0,0.03,425,895,
430,412,0,0,60,4.38,8.42,94881.26,4477.21,364.26,-0.01,-32.01,99921,0,0.03,425,895,
431,412,0,0,60,4.38,8.42,94843.21,4461.16,365.09,-0.01,-31.93,99921,0,0.03,425,895,
432,412,0,0,60,4.38,8.42,94805.01,4434.16,365.93,-0.01,-31.85,99921,0,0.03,425,895,
433,412,0,0,60,4.38,8.42,94766.68,4372.93,366.76,-0.01,-31.77,99921,0,0.03,426,895,
435,412,0,0,60,4.38,8.42,94689.59,4255.03,368.43,-0.01,-31.61,99921,0,0.03,426,895,
436,412,0,0,60,4.38,8.42,94650.83,4177.44,369.27,-0.01,-31.53,99921,0,0.03,426,895,
437,413,0,0,60,4.38,8.42,94611.93,4131.87,370.1,-0.01,-31.45,99921,0,0.03,426,895,
438,413,0,0,60,4.38,8.42,94572.89,4083.88,370.94,-0.01,-31.37,99921,0,0.03,426,895,
439,413,0,0,60,4.38,8.42,94533.72,4058.82,371.78,-0.02,-31.29,99921,0,0.03,426,895,
440,413,0,0,60,4.38,8.42,94494.4,4015.89,372.62,-0.02,-31.21,99921,0,0.03,426,895,
441,413,0,0,60,4.38,8.42,94454.94,4036.79,373.45,-0.02,-31.13,99921,0,0.03,426,895,
442,413,0,0,60,4.38,8.42,94415.35,4052.87,374.29,-0.02,-31.05,99921,0,0.03,426,895,
443,413,0,0,60,4.38,8.42,94375.61,4034.9,375.13,-0.02,-30.97,99921,0,0.03,426,895,
444,413,0,0,60,4.38,8.42,94335.73,4017.2,375.97,-0.02,-30.89,99921,0,0.03,426,895,
445,413,0,0,60,4.38,8.42,94295.71,4017.46,376.8,-0.02,-30.81,99921,0,0.03,426,895,
446,413,0,0,60,4.38,8.42,94255.56,4020.91,377.64,-0.02,-30.73,99921,0,0.03,426,895,
447,413,0,0,60,4.38,8.42,94215.26,4066.12,378.48,-0.02,-30.65,99921,0,0.03,427,895,
448,413,0,0,60,4.38,8.42,94174.82,4146.79,379.32,-0.02,-30.57,99921,0,0.03,427,895,
449,413,0,0,60,4.38,8.42,94134.25,4213.44,380.16,-0.02,-30.49,99921,0,0.03,427,895,
451,414,0,0,60,4.38,8.42,94052.67,3962.63,381.84,-0.02,-30.33,99921,0,0.03,427,895,
452,414,0,0,60,4.38,8.42,94011.68,3838.86,382.68,-0.02,-30.25,99921,0,0.03,427,895,
453,414,0,0,60,4.38,8.42,93970.55,3734.44,383.52,-0.02,-30.17,99921,0,0.03,427,895,
454,414,0,0,60,4.38,8.42,93929.27,3667.9,384.36,-0.02,-30.09,99921,0,0.03,427,895,
455,414,0,0,60,4.38,8.42,93887.86,3616.12,385.2,-0.02,-30.01,99921,0,0.03,427,895,
456,414,0,0,60,4.38,8.42,93846.3,3582.64,386.04,-0.02,-29.93,99921,0,0.03,427,895,
457,414,0,0,60,4.38,8.42,93804.61,3527.49,386.88,-0.02,-29.85,99921,0,0.03,427,895,
458,414,0,0,60,4.38,8.42,93762.78,3464.86,387.72,-0.02,-29.77,99921,0,0.03,427,895,
459,414,0,0,60,4.38,8.42,93720.81,3448.12,388.56,-0.02,-29.69,99921,0,0.03,427,895,
460,414,0,0,60,4.38,8.42,93678.7,3389.59,389.4,-0.02,-29.61,99921,0,0.03,427,895,
461,414,0,0,60,4.38,8.42,93636.45,3384.49,390.25,-0.02,-29.53,99921,0,0.03,428,895,
462,414,0,0,60,4.38,8.42,93594.06,3362.9,391.09,-0.02,-29.45,99921,0,0.03,428,895,
463,414,0,0,60,4.38,8.42,93551.54,3345.19,391.93,-0.02,-29.37,99921,0,0.03,428,895,
464,415,0,0,60,4.38,8.42,93508.87,3344.24,392.77,-0.02,-29.29,99921,0,0.03,428,895,
465,415,0,0,60,4.38,8.42,93466.07,3345.67,393.62,-0.02,-29.21,99921,0,0.03,428,895,
466,415,0,0,60,4.38,8.42,93423.12,3386.97,394.46,-0.02,-29.13,99921,0,0.03,428,895,
467,415,0,0,60,4.38,8.42,93380.04,3507.43,395.3,-0.02,-29.04,99921,0,0.03,428,895,
468,415,0,0,60,4.38,8.42,93336.82,3671.61,396.15,-0.02,-28.96,99921,0,0.03,428,895,
469,415,0,0,60,4.38,8.42,93293.46,3863.4,396.99,-0.02,-28.88,99921,0,0.03,428,895,
470,415,0,0,60,4.38,8.42,93249.96,3908.06,397.84,-0.02,-28.8,99921,0,0.03,428,895,
471,415,0,0,60,4.38,8.42,93206.32,3838.35,398.68,-0.02,-28.72,99921,0,0.03,428,895,
472,415,0,0,60,4.38,8.42,93162.55,3784.6,399.53,-0.02,-28.64,99921,0,0.03,428,895,
473,415,0,0,60,4.38,8.42,93118.63,3756.6,400.37,-0.02,-28.56,99921,0,0.03,428,895,
474,415,0,0,60,4.38,8.42,93074.58,3746.56,401.22,-0.02,-28.48,99921,0,0.03,429,895,
475,415,0,0,60,4.38,8.42,93030.39,3722.07,402.06,-0.02,-28.4,99921,0,0.03,429,895,
476,416,0,0,60,4.38,8.42,92986.06,3729.21,402.91,-0.02,-28.32,99921,0,0.03,429,895,
477,416,0,0,60,4.38,8.42,92941.59,3739.33,403.75,-0.02,-28.24,99921,0,0.03,429,895,
478,416,0,0,60,4.38,8.42,92896.98,3760.73,404.6,-0.02,-28.16,99921,0,0.03,429,895,
479,416,0,0,60,4.38,8.42,92852.24,3705.18,405.45,-0.02,-28.08,99921,0,0.03,429,895,
480,416,0,0,60,4.38,8.42,92807.35,3663.11,406.29,-0.02,-28,99921,0,0.03,429,895,
481,416,0,0,60,4.38,8.42,92762.33,3670.36,407.14,-0.02,-27.91,99921,0,0.03,429,895,
482,416,0,0,60,4.38,8.42,92717.17,3737.52,407.99,-0.02,-27.83,99921,0,0.03,429,895,
483,416,0,0,60,4.38,8.42,92671.88,3658.51,408.84,-0.02,-27.75,99921,0,0.03,429,895,
484,416,0,0,60,4.38,8.42,92626.44,3580.49,409.69,-0.02,-27.67,99921,0,0.03,429,895,
485,416,0,0,60,4.38,8.42,92580.87,3568.21,410.53,-0.02,-27.59,99921,0,0.03,429,895,
486,416,0,0,60,4.38,8.42,92535.16,3521.95,411.38,-0.02,-27.51,99921,0,0.03,429,895,
487,416,0,0,60,4.38,8.42,92489.31,3530.8,412.23,-0.02,-27.43,99921,0,0.03,430,895,
488,417,0,0,60,4.38,8.42,92443.32,3553.97,413.08,-0.02,-27.35,99921,0,0.03,430,895,
489,417,0,0,60,4.38,8.42,92397.2,3621.77,413.93,-0.02,-27.27,99921,0,0.03,430,895,
490,417,0,0,60,4.38,8.42,92350.94,3603.74,414.78,-0.02,-27.19,99921,0,0.03,430,895,
491,417,0,0,60,4.38,8.42,92304.54,3578.9,415.63,-0.02,-27.1,99921,0,0.03,430,895,
492,417,0,0,60,4.38,8.42,92258,3556.1,416.48,-0.02,-27.02,99921,0,0.03,430,895,
493,417,0,0,60,4.38,8.42,92211.33,3534.65,417.33,-0.02,-26.94,99921,0,0.03,430,895,
494,417,0,0,60,4.38,8.42,92164.52,3508.36,418.18,-0.02,-26.86,99921,0,0.03,430,895,
495,417,0,0,60,4.38,8.42,92117.57,3463.85,419.03,-0.02,-26.78,99921,0,0.03,430,895,
496,417,0,0,60,4.38,8.42,92070.48,3410.61,419.88,-0.02,-26.7,99921,0,0.03,430,895,
497,417,0,0,60,4.38,8.42,92023.26,3353.71,420.74,-0.02,-26.62,99921,0,0.03,430,895,
498,417,0,0,60,4.38,8.42,91975.9,3322.52,421.59,-0.02,-26.54,99921,0,0.03,430,895,
499,417,0,0,60,4.38,8.42,91928.4,3322.9,422.44,-0.02,-26.45,99921,0,0.03,431,895,
500,418,0,0,60,4.38,8.42,91880.76,3326.77,423.29,-0.02,-26.37,99921,0,0.03,431,895,
501,418,0,0,60,4.38,8.42,91832.99,3317.92,424.14,-0.02,-26.29,99921,0,0.03,431,895,
502,418,0,0,60,4.38,8.42,91785.08,3310.52,425,-0.02,-26.21,99921,0,0.03,431,895,
503,418,0,0,60,4.38,8.42,91737.04,3300.3,425.85,-0.02,-26.13,99921,0,0.03,431,895,
504,418,0,0,60,4.38,8.42,91688.86,3277.33,426.7,-0.02,-26.05,99921,0,0.03,431,895,
505,418,0,0,60,4.38,8.42,91640.54,3274.02,427.56,-0.02,-25.96,99921,0,0.03,431,895,
506,418,0,0,60,4.38,8.42,91592.08,3263.76,428.41,-0.02,-25.88,99921,0,0.03,431,895,
507,418,0,0,60,4.38,8.42,91543.49,3260.31,429.27,-0.02,-25.8,99921,0,0.03,431,895,
508,418,0,0,60,4.38,8.42,91494.76,3257.98,430.12,-0.02,-25.72,99921,0,0.03,431,895,
509,418,0,0,60,4.38,8.42,91445.89,3271.37,430.98,-0.02,-25.64,99921,0,0.03,431,895,
510,418,0,0,60,4.38,8.42,91396.89,3292.22,431.83,-0.02,-25.56,99921,0,0.03,432,895,
511,419,0,0,60,4.38,8.42,91347.75,3299.4,432.69,-0.02,-25.48,99921,0,0.03,432,895,
512,419,0,0,60,4.38,8.42,91298.48,3287.02,433.54,-0.02,-25.39,99921,0,0.03,432,895,
513,419,0,0,60,4.38,8.42,91249.07,3284.12,434.4,-0.02,-25.31,99921,0,0.03,432,895,
514,419,0,0,60,4.38,8.42,91199.52,3276.04,435.26,-0.02,-25.23,99921,0,0.03,432,895,
515,419,0,0,60,4.38,8.42,91149.83,3267.38,436.11,-0.02,-25.15,99921,0,0.03,432,895,
516,419,0,0,60,4.38,8.42,91100.02,3266.27,436.97,-0.02,-25.07,99921,0,0.03,432,895,
517,419,0,0,60,4.38,8.42,91050.06,3265.39,437.83,-0.02,-24.98,99921,0,0.03,432,895,
518,419,0,0,60,4.38,8.42,90999.97,3237.83,438.69,-0.02,-24.9,99921,0,0.03,432,895,
519,419,0,0,60,4.38,8.42,90949.74,3236.97,439.55,-0.02,-24.82,99921,0,0.03,432,895,
520,419,0,0,60,4.38,8.42,90899.38,3231.73,440.4,-0.02,-24.74,99921,0,0.03,432,895,
521,419,0,0,60,4.38,8.42,90848.88,3207.28,441.26,-0.02,-24.66,99921,0,0.03,432,895,
522,420,0,0,60,4.38,8.42,90798.24,3188.46,442.12,-0.02,-24.57,99921,0,0.03,433,895,
523,420,0,0,60,4.38,8.42,90747.47,3181.26,442.98,-0.02,-24.49,99921,0,0.03,433,895,
524,420,0,0,60,4.38,8.42,90696.56,3169,443.84,-0.02,-24.41,99921,0,0.03,433,895,
525,420,0,0,60,4.38,8.42,90645.52,3171.96,444.7,-0.02,-24.33,99921,0,0.03,433,895,
526,420,0,0,60,4.38,8.42,90594.35,3193.83,445.56,-0.02,-24.25,99921,0,0.03,433,895,
527,420,0,0,60,4.38,8.42,90543.03,3078.23,446.42,-0.02,-24.16,99921,0,0.03,433,895,
528,420,0,0,60,4.38,8.42,90491.58,3001.2,447.28,-0.02,-24.08,99921,0,0.03,433,895,
529,420,0,0,60,4.38,8.42,90440,2971.24,448.14,-0.02,-24,99921,0,0.03,433,895,
530,420,0,0,60,4.38,8.42,90388.28,2992.8,449.01,-0.02,-23.92,99921,0,0.03,433,895,
531,420,0,0,60,4.38,8.42,90336.43,3049.31,449.87,-0.02,-23.83,99921,0,0.03,433,895,
532,420,0,0,60,4.38,8.42,90284.44,3136.75,450.73,-0.02,-23.75,99921,0,0.03,433,895,
533,421,0,0,60,4.38,8.42,90232.31,3201.55,451.59,-0.02,-23.67,99921,0,0.03,434,895,
534,421,0,0,60,4.38,8.42,90180.06,3234.17,452.46,-0.02,-23.59,99921,0,0.03,434,895,
535,421,0,0,60,4.38,8.42,90127.66,3252.86,453.32,-0.02,-23.51,99921,0,0.03,434,895,
536,421,0,0,60,4.38,8.42,90075.13,3281.47,454.18,-0.02,-23.42,99921,0,0.03,434,895,
537,421,0,0,60,4.38,8.42,90022.47,3313.78,455.05,-0.02,-23.34,99921,0,0.03,434,895,
538,421,0,0,60,4.38,8.42,89969.67,3148.24,455.91,-0.02,-23.26,99921,0,0.03,434,895,
539,421,0,0,60,4.38,8.42,89916.74,3041.11,456.77,-0.02,-23.18,99921,0,0.03,434,895,
540,421,0,0,60,4.38,8.42,89863.67,2959.53,457.64,-0.02,-23.09,99921,0,0.03,434,895,
541,421,0,0,60,4.38,8.42,89810.47,2895.06,458.5,-0.02,-23.01,99921,0,0.03,434,895,
542,421,0,0,60,4.38,8.42,89757.13,2752.63,459.37,-0.02,-22.93,99921,0,0.03,434,895,
543,422,0,0,60,4.38,8.42,89703.66,2659.35,460.24,-0.02,-22.84,99921,0,0.03,435,895,
544,422,0,0,60,4.38,8.42,89650.06,2633.97,461.1,-0.02,-22.76,99921,0,0.03,435,895,
545,422,0,0,60,4.38,8.42,89596.32,2633.33,461.97,-0.02,-22.68,99921,0,0.03,435,895,
546,422,0,0,60,4.38,8.42,89542.45,2683.18,462.83,-0.02,-22.6,99921,0,0.03,435,895,
547,422,0,0,60,4.38,8.42,89488.44,2724.87,463.7,-0.02,-22.51,99921,0,0.03,435,895,
548,422,0,0,60,4.38,8.42,89434.3,2705.07,464.57,-0.02,-22.43,99921,0,0.03,435,895,
549,422,0,0,60,4.38,8.42,89380.02,2699.06,465.44,-0.02,-22.35,99921,0,0.03,435,895,
550,422,0,0,60,4.38,8.42,89325.61,2717.27,466.31,-0.02,-22.26,99921,0,0.03,435,895,
551,422,0,0,60,4.38,8.42,89271.07,2753.76,467.17,-0.02,-22.18,99921,0,0.03,435,895,
552,422,0,0,60,4.38,8.42,89216.39,2775.48,468.04,-0.02,-22.1,99921,0,0.03,435,895,
553,423,0,0,60,4.38,8.42,89161.58,2808.12,468.91,-0.02,-22.02,99921,0,0.03,435,895,
554,423,0,0,60,4.38,8.42,89106.64,2893.01,469.78,-0.02,-21.93,99921,0,0.03,436,895,
555,423,0,0,60,4.38,8.42,89051.56,3055.2,470.65,-0.02,-21.85,99921,0,0.03,436,895,
556,423,0,0,60,4.38,8.42,88996.35,3102.61,471.52,-0.02,-21.77,99921,0,0.03,436,895,
557,423,0,0,60,4.38,8.42,88941.01,3041.66,472.39,-0.02,-21.68,99921,0,0.03,436,895,
558,423,0,0,60,4.38,8.42,88885.53,2995.87,473.26,-0.02,-21.6,99921,0,0.03,436,895,
559,423,0,0,60,4.38,8.42,88829.92,2959,474.13,-0.02,-21.52,99921,0,0.03,436,895,
560,423,0,0,60,4.38,8.42,88774.18,2940.81,475.01,-0.02,-21.43,99921,0,0.03,436,895,
561,423,0,0,60,4.38,8.42,88718.3,2934.25,475.88,-0.02,-21.35,99921,0,0.03,436,895,
562,423,0,0,60,4.38,8.42,88662.29,2932.05,476.75,-0.02,-21.27,99921,0,0.03,436,895,
563,424,0,0,60,4.38,8.42,88606.15,2942,477.62,-0.02,-21.18,99921,0,0.03,436,895,
564,424,0,0,60,4.38,8.42,88549.87,2957.1,478.49,-0.02,-21.1,99921,0,0.03,437,895,
565,424,0,0,60,4.38,8.42,88493.46,2977.67,479.37,-0.02,-21.02,99921,0,0.03,437,895,
566,424,0,0,60,4.38,8.42,88436.92,3020.74,480.24,-0.02,-20.93,99921,0,0.03,437,895,
567,424,0,0,60,4.38,8.42,88380.25,3035.6,481.12,-0.02,-20.85,99921,0,0.03,437,895,
568,424,0,0,60,4.38,8.42,88323.44,3051.87,481.99,-0.02,-20.77,99921,0,0.03,437,895,
569,424,0,0,60,4.38,8.42,88266.5,3065.66,482.86,-0.02,-20.68,99921,0,0.03,437,895,
570,424,0,0,60,4.38,8.42,88209.43,3086.42,483.74,-0.02,-20.6,99921,0,0.03,437,895,
571,424,0,0,60,4.38,8.42,88152.23,3045.57,484.62,-0.02,-20.52,99921,0,0.03,437,895,
572,424,0,0,60,4.38,8.42,88094.89,2939.23,485.49,-0.02,-20.43,99921,0,0.03,437,895,
573,425,0,0,60,4.38,8.42,88037.42,2866.16,486.37,-0.02,-20.35,99921,0,0.03,438,895,
574,425,0,0,60,4.38,8.42,87979.82,2808.63,487.24,-0.02,-20.27,99921,0,0.03,438,895,
575,425,0,0,60,4.38,8.42,87922.09,2777.59,488.12,-0.02,-20.18,99921,0,0.03,438,895,
576,425,0,0,60,4.38,8.42,87864.23,2786.02,489,-0.02,-20.1,99921,0,0.03,438,895,
577,425,0,0,60,4.38,8.42,87806.23,2805.47,489.88,-0.02,-20.01,99921,0,0.03,438,895,
578,425,0,0,60,4.38,8.42,87748.1,2774.8,490.75,-0.02,-19.93,99921,0,0.03,438,895,
579,425,0,0,60,4.38,8.42,87689.84,2685.96,491.63,-0.02,-19.85,99921,0,0.03,438,895,
580,425,0,0,60,4.38,8.42,87631.45,2637.25,492.51,-0.02,-19.76,99921,0,0.03,438,895,
581,425,0,0,60,4.38,8.42,87572.93,2619.13,493.39,-0.02,-19.68,99921,0,0.03,438,895,
582,426,0,0,60,4.38,8.42,87514.28,2587.05,494.27,-0.02,-19.59,99921,0,0.03,438,895,
583,426,0,0,60,4.38,8.42,87455.49,2572.45,495.15,-0.02,-19.51,99921,0,0.03,439,895,
585,426,0,0,60,4.38,8.42,87337.53,2573.12,496.91,-0.02,-19.34,99921,0,0.03,439,895,
586,426,0,0,60,4.38,8.42,87278.35,2598.47,497.79,-0.02,-19.26,99921,0,0.03,439,895,
587,426,0,0,60,4.38,8.42,87219.04,2632.95,498.67,-0.02,-19.17,99921,0,0.03,439,895,
588,426,0,0,60,4.38,8.42,87159.6,2632.16,499.55,-0.02,-19.09,99921,0,0.03,439,895,
590,426,0,0,60,4.38,8.42,87040.32,2646.13,501.32,-0.02,-18.92,99921,0,0.03,439,895,
591,427,0,0,60,4.38,8.42,86980.49,2618.79,502.2,-0.02,-18.84,99921,0,0.03,439,895,
592,427,0,0,60,4.38,8.42,86920.53,2601.76,503.08,-0.02,-18.75,99921,0,0.03,440,895,
593,427,0,0,60,4.38,8.42,86860.43,2603.67,503.97,-0.02,-18.67,99921,0,0.03,440,895,
594,427,0,0,60,4.38,8.42,86800.21,2632.87,504.85,-0.02,-18.58,99921,0,0.03,440,895,
595,427,0,0,60,4.38,8.42,86739.85,2713.5,505.73,-0.02,-18.5,99921,0,0.03,440,895,
596,427,0,0,60,4.38,8.42,86679.37,2695.62,506.62,-0.02,-18.42,99921,0,0.03,440,895,
597,427,0,0,60,4.38,8.42,86618.75,2684.66,507.5,-0.02,-18.33,99921,0,0.03,440,895,
598,427,0,0,60,4.38,8.42,86558,2669.01,508.39,-0.02,-18.25,99921,0,0.03,440,895,
599,427,0,0,60,4.38,8.42,86497.13,2628.96,509.28,-0.02,-18.16,99921,0,0.03,440,895,
600,428,0,0,60,4.38,8.42,86436.12,2594.17,510.16,-0.02,-18.08,99921,0,0.03,440,895,
601,428,0,0,60,4.38,8.42,86374.99,2565.43,511.05,-0.02,-17.99,99921,0,0.03,440,895,
602,428,0,0,60,4.38,8.42,86313.72,2540.46,511.94,-0.02,-17.91,99921,0,0.03,441,895,
603,428,0,0,60,4.38,8.42,86252.33,2515.1,512.82,-0.02,-17.82,99921,0,0.03,441,895,
604,428,0,0,60,4.38,8.42,86190.8,2491.91,513.71,-0.02,-17.74,99921,0,0.03,441,895,
605,428,0,0,60,4.38,8.42,86129.15,2472.45,514.6,-0.02,-17.65,99921,0,0.03,441,895,
606,428,0,0,60,4.38,8.42,86067.36,2464.69,515.49,-0.02,-17.57,99921,0,0.03,441,895,
607,428,0,0,60,4.38,8.42,86005.45,2439.59,516.38,-0.02,-17.48,99921,0,0.03,441,895,
608,428,0,0,60,4.38,8.42,85943.41,2415.67,517.27,-0.02,-17.4,99921,0,0.03,441,895,
609,429,0,0,60,4.38,8.42,85881.23,2399,518.16,-0.02,-17.31,99921,0,0.03,441,895,
610,429,0,0,60,4.38,8.42,85818.93,2385.27,519.05,-0.02,-17.23,99921,0,0.03,441,895,
611,429,0,0,60,4.38,8.42,85756.5,2382.03,519.94,-0.02,-17.14,99921,0,0.03,442,895,
612,429,0,0,60,4.38,8.42,85693.95,2396.24,520.83,-0.02,-17.06,99921,0,0.03,442,895,
613,429,0,0,60,4.38,8.42,85631.26,2405.04,521.72,-0.02,-16.97,99921,0,0.03,442,895,
614,429,0,0,60,4.38,8.42,85568.44,2398.75,522.61,-0.02,-16.89,99921,0,0.03,442,895,
615,429,0,0,60,4.38,8.42,85505.5,2391.54,523.5,-0.02,-16.8,99921,0,0.03,442,895,
616,429,0,0,60,4.38,8.42,85442.42,2370.59,524.4,-0.02,-16.72,99921,0,0.03,442,895,
617,430,0,0,60,4.38,8.42,85379.22,2371.78,525.29,-0.02,-16.63,99921,0,0.03,442,895,
618,430,0,0,60,4.38,8.42,85315.89,2375.04,526.18,-0.02,-16.55,99921,0,0.03,442,895,
619,430,0,0,60,4.38,8.42,85252.43,2364.01,527.08,-0.02,-16.46,99921,0,0.03,443,895,
620,430,0,0,60,4.38,8.42,85188.85,2370.64,527.97,-0.02,-16.38,99921,0,0.03,443,895,
621,430,0,0,60,4.38,8.42,85125.13,2381.71,528.86,-0.02,-16.29,99921,0,0.03,443,895,
622,430,0,0,60,4.38,8.42,85061.29,2395.21,529.76,-0.02,-16.21,99921,0,0.03,443,895,
623,430,0,0,60,4.38,8.42,84997.32,2438.96,530.66,-0.02,-16.12,99921,0,0.03,443,895,
624,430,0,0,60,4.38,8.42,84933.22,2484.93,531.55,-0.02,-16.03,99921,0,0.03,443,895,
625,430,0,0,60,4.38,8.42,84868.99,2510.29,532.45,-0.02,-15.95,99921,0,0.03,443,895,
626,431,0,0,60,4.38,8.42,84804.64,2518.74,533.34,-0.02,-15.86,99921,0,0.03,443,895,
627,431,0,0,60,4.38,8.42,84740.16,2529.41,534.24,-0.02,-15.78,99921,0,0.03,443,895,
628,431,0,0,60,4.38,8.42,84675.55,2561.23,535.14,-0.02,-15.69,99921,0,0.03,444,895,
629,431,0,0,60,4.38,8.42,84610.81,2582.17,536.04,-0.02,-15.61,99921,0,0.03,444,895,
630,431,0,0,60,4.38,8.42,84545.95,2569,536.94,-0.02,-15.52,99921,0,0.03,444,895,
631,431,0,0,60,4.38,8.42,84480.96,2541.84,537.83,-0.02,-15.43,99921,0,0.03,444,895,
632,431,0,0,60,4.38,8.42,84415.84,2540.01,538.73,-0.02,-15.35,99921,0,0.03,444,895,
633,431,0,0,60,4.38,8.42,84350.6,2554.5,539.63,-0.02,-15.26,99921,0,0.03,444,895,
634,432,0,0,60,4.38,8.42,84285.23,2600.72,540.53,-0.02,-15.18,99921,0,0.03,444,895,
635,432,0,0,60,4.38,8.42,84219.73,2627.96,541.43,-0.02,-15.09,99921,0,0.03,444,895,
636,432,0,0,60,4.38,8.42,84154.1,2672.16,542.33,-0.02,-15,99921,0,0.03,445,895,
637,432,0,0,60,4.38,8.42,84088.35,2721.31,543.24,-0.02,-14.92,99921,0,0.03,445,895,
638,432,0,0,60,4.38,8.42,84022.47,2804.18,544.14,-0.02,-14.83,99921,0,0.03,445,895,
639,432,0,0,60,4.38,8.42,83956.47,2829.82,545.04,-0.02,-14.75,99921,0,0.03,445,895,
640,432,0,0,60,4.38,8.42,83890.34,2656.63,545.94,-0.02,-14.66,99921,0,0.03,445,895,
641,432,0,0,60,4.38,8.42,83824.08,2522.93,546.85,-0.02,-14.57,99921,0,0.03,445,895,
642,433,0,0,60,4.38,8.42,83757.7,2409.53,547.75,-0.02,-14.49,99921,0,0.03,445,895,
643,433,0,0,60,4.38,8.42,83691.19,2326.44,548.65,-0.02,-14.4,99921,0,0.03,445,895,
644,433,0,0,60,4.38,8.42,83624.56,2279.19,549.56,-0.02,-14.31,99921,0,0.03,445,895,
645,433,0,0,60,4.38,8.42,83557.8,2228.31,550.46,-0.02,-14.23,99921,0,0.03,446,895,
646,433,0,0,60,4.38,8.42,83490.91,2196.22,551.37,-0.02,-14.14,99921,0,0.03,446,895,
647,433,0,0,60,4.38,8.42,83423.9,2187.79,552.27,-0.02,-14.06,99921,0,0.03,446,895,
648,433,0,0,60,4.38,8.42,83356.76,2185.49,553.18,-0.02,-13.97,99921,0,0.03,446,895,
649,433,0,0,60,4.38,8.42,83289.5,2185.78,554.09,-0.02,-13.88,99921,0,0.03,446,895,
650,434,0,0,60,4.38,8.42,83222.11,2163.5,554.99,-0.02,-13.8,99921,0,0.03,446,895,
651,434,0,0,60,4.38,8.42,83154.6,2114.55,555.9,-0.02,-13.71,99921,0,0.03,446,895,
652,434,0,0,60,4.38,8.42,83086.96,2116.74,556.81,-0.02,-13.62,99921,0,0.03,446,895,
653,434,0,0,60,4.38,8.42,83019.2,2155.77,557.72,-0.02,-13.54,99921,0,0.03,447,895,
654,434,0,0,60,4.38,8.42,82951.32,2246.16,558.63,-0.02,-13.45,99921,0,0.03,447,895,
655,434,0,0,60,4.38,8.42,82883.3,2369.02,559.54,-0.02,-13.36,99921,0,0.03,447,895,
656,434,0,0,60,4.38,8.42,82815.17,2578.01,560.45,-0.02,-13.28,99921,0,0.03,447,895,
657,434,0,0,60,4.38,8.42,82746.91,2834.76,561.36,-0.02,-13.19,99921,0,0.03,447,895,
658,435,0,0,60,4.38,8.42,82678.52,2803.95,562.27,-0.02,-13.1,99921,0,0.03,447,895,
659,435,0,0,60,4.38,8.42,82610.01,2816.1,563.18,-0.02,-13.01,99921,0,0.03,447,895,
660,435,0,0,60,4.38,8.42,82541.38,2800.66,564.09,-0.02,-12.93,99921,0,0.03,447,895,
661,435,0,0,60,4.38,8.42,82472.62,2818.09,565,-0.02,-12.84,99921,0,0.03,448,895,
662,435,0,0,60,4.38,8.42,82403.74,2801.04,565.91,-0.02,-12.75,99921,0,0.03,448,895,
663,435,0,0,60,4.38,8.42,82334.73,2790.76,566.83,-0.02,-12.67,99921,0,0.03,448,895,
664,435,0,0,60,4.38,8.42,82265.6,2794.89,567.74,-0.02,-12.58,99921,0,0.03,448,895,
665,435,0,0,60,4.38,8.42,82196.35,2794.55,568.65,-0.02,-12.49,99921,0,0.03,448,895,
666,436,0,0,60,4.38,8.42,82126.97,2786.77,569.57,-0.02,-12.4,99921,0,0.03,448,895,
667,436,0,0,60,4.38,8.42,82057.47,2797.1,570.48,-0.02,-12.32,99921,0,0.03,448,895,
668,436,0,0,60,4.38,8.42,81987.85,2808.22,571.4,-0.02,-12.23,99921,0,0.03,448,895,
669,436,0,0,60,4.38,8.42,81918.1,2825.02,572.31,-0.02,-12.14,99921,0,0.03,449,895,
670,436,0,0,60,4.38,8.42,81848.23,2839.29,573.23,-0.02,-12.05,99921,0,0.03,449,895,
671,436,0,0,60,4.38,8.42,81778.24,2857.33,574.15,-0.02,-11.97,99921,0,0.03,449,895,
672,436,0,0,60,4.38,8.42,81708.12,2838.96,575.06,-0.02,-11.88,99921,0,0.03,449,895,
673,437,0,0,60,4.38,8.42,81637.89,2819.06,575.98,-0.02,-11.79,99921,0,0.03,449,895,
674,437,0,0,60,4.38,8.42,81567.52,2713.1,576.9,-0.02,-11.7,99921,0,0.03,449,895,
675,437,0,0,60,4.38,8.42,81497.04,2620.45,577.82,-0.02,-11.62,99921,0,0.03,449,895,
676,437,0,0,60,4.38,8.42,81426.44,2590.24,578.74,-0.02,-11.53,99921,0,0.03,449,895,
677,437,0,0,60,4.38,8.42,81355.71,2565.85,579.66,-0.02,-11.44,99921,0,0.03,450,895,
678,437,0,0,60,4.38,8.42,81284.86,2565.3,580.58,-0.02,-11.35,99921,0,0.03,450,895,
679,437,0,0,60,4.38,8.42,81213.88,2579.69,581.5,-0.02,-11.26,99921,0,0.03,450,895,
680,437,0,0,60,4.38,8.42,81142.79,2630.99,582.42,-0.02,-11.18,99921,0,0.03,450,895,
681,438,0,0,60,4.38,8.42,81071.57,2690.03,583.34,-0.02,-11.09,99921,0,0.03,450,895,
682,438,0,0,60,4.38,8.42,81000.24,2672.85,584.26,-0.02,-11,99921,0,0.03,450,895,
683,438,0,0,60,4.38,8.42,80928.78,2658.33,585.18,-0.02,-10.91,99921,0,0.03,450,895,
684,438,0,0,60,4.38,8.42,80857.2,2644.74,586.11,-0.02,-10.82,99921,0,0.03,451,895,
686,438,0,0,60,4.38,8.42,80713.67,2632.45,587.95,-0.03,-10.65,99921,0,0.03,451,895,
687,438,0,0,60,4.38,8.42,80641.72,2626.87,588.88,-0.03,-10.56,99921,0,0.03,451,895,
688,439,0,0,60,4.38,8.42,80569.66,2652.13,589.8,-0.03,-10.47,99921,0,0.03,451,895,
689,439,0,0,60,4.38,8.42,80497.47,2678.57,590.73,-0.03,-10.38,99921,0,0.03,451,895,
690,439,0,0,60,4.38,8.42,80425.17,2700.08,591.65,-0.03,-10.3,99921,0,0.03,451,895,
691,439,0,0,60,4.38,8.42,80352.74,2735.43,592.58,-0.03,-10.21,99921,0,0.03,451,895,
692,439,0,0,60,4.38,8.42,80280.19,2778.85,593.51,-0.03,-10.12,99921,0,0.03,452,895,
693,439,0,0,60,4.38,8.42,80207.52,2810,594.43,-0.03,-10.03,99921,0,0.03,452,895,
694,439,0,0,60,4.38,8.42,80134.73,2823.67,595.36,-0.03,-9.94,99921,0,0.03,452,895,
695,439,0,0,60,4.38,8.42,80061.82,2839.52,596.29,-0.03,-9.85,99921,0,0.03,452,895,
696,440,0,0,60,4.38,8.42,79988.79,2828.72,597.22,-0.03,-9.76,99921,0,0.03,452,895,
697,440,0,0,60,4.38,8.42,79915.64,2835.39,598.15,-0.03,-9.67,99921,0,0.03,452,895,
698,440,0,0,60,4.38,8.42,79842.37,2840.75,599.08,-0.03,-9.59,99921,0,0.03,452,895,
699,440,0,0,60,4.38,8.42,79768.98,2862.26,600.01,-0.03,-9.5,99921,0,0.03,453,895,
700,440,0,0,60,4.38,8.42,79695.48,2889.73,600.94,-0.03,-9.41,99921,0,0.03,453,895,
701,440,0,0,60,4.38,8.42,79621.85,2914.22,601.87,-0.03,-9.32,99921,0,0.03,453,895,
702,440,0,0,60,4.38,8.42,79548.1,2899.76,602.8,-0.03,-9.23,99921,0,0.03,453,895,
703,441,0,0,60,4.38,8.42,79474.23,2911.52,603.73,-0.03,-9.14,99921,0,0.03,453,895,
704,441,0,0,60,4.38,8.42,79400.25,2928.9,604.67,-0.03,-9.05,99921,0,0.03,453,895,
705,441,0,0,60,4.38,8.42,79326.14,2947.71,605.6,-0.03,-8.96,99921,0,0.03,453,895,
706,441,0,0,60,4.38,8.42,79251.92,2969.88,606.53,-0.03,-8.87,99921,0,0.03,453,895,
707,441,0,0,60,4.38,8.42,79177.58,2968.63,607.47,-0.03,-8.78,99921,0,0.03,454,895,
708,441,0,0,60,4.38,8.42,79103.12,2971.07,608.4,-0.03,-8.7,99921,0,0.03,454,895,
709,441,0,0,60,4.38,8.42,79028.54,2979.75,609.34,-0.03,-8.61,99921,0,0.03,454,895,
710,442,0,0,60,4.38,8.42,78953.84,3008.76,610.27,-0.03,-8.52,99921,0,0.03,454,895,
711,442,0,0,60,4.38,8.42,78879.03,3014.43,611.21,-0.03,-8.43,99921,0,0.03,454,895,
712,442,0,0,60,4.38,8.42,78804.09,2988.5,612.15,-0.03,-8.34,99921,0,0.03,454,895,
713,442,0,0,60,4.38,8.42,78729.04,3008.52,613.08,-0.03,-8.25,99921,0,0.03,454,895,
714,442,0,0,60,4.38,8.42,78653.87,2993.03,614.02,-0.03,-8.16,99921,0,0.03,455,895,
715,442,0,0,60,4.38,8.42,78578.59,2944.19,614.96,-0.03,-8.07,99921,0,0.03,455,895,
716,442,0,0,60,4.38,8.42,78503.18,2896.9,615.9,-0.03,-7.98,99921,0,0.03,455,895,
717,443,0,0,60,4.38,8.42,78427.66,2885.98,616.84,-0.03,-7.89,99921,0,0.03,455,895,
718,443,0,0,60,4.38,8.42,78352.02,2880.15,617.78,-0.03,-7.8,99921,0,0.03,455,895,
719,443,0,0,60,4.38,8.42,78276.27,2837.63,618.72,-0.03,-7.71,99921,0,0.03,455,895,
720,443,0,0,60,4.38,8.42,78200.4,2780.69,619.66,-0.03,-7.62,99921,0,0.03,455,895,
722,443,0,0,60,4.38,8.42,78048.3,2706.99,621.54,-0.03,-7.44,99921,0,0.03,456,895,
723,443,0,0,60,4.38,8.42,77972.08,2670.98,622.49,-0.03,-7.35,99921,0,0.03,456,895,
724,444,0,0,60,4.38,8.42,77895.74,2626.79,623.43,-0.03,-7.26,99921,0,0.03,456,895,
725,444,0,0,60,4.38,8.42,77819.28,2583.83,624.37,-0.03,-7.17,99921,0,0.03,456,895,
726,444,0,0,60,4.38,8.42,77742.71,2563.54,625.32,-0.03,-7.08,99921,0,0.03,456,895,
727,444,0,0,60,4.38,8.42,77666.02,2545.8,626.26,-0.03,-6.99,99921,0,0.03,456,895,
728,444,0,0,60,4.38,8.42,77589.22,2546.84,627.21,-0.03,-6.9,99921,0,0.03,457,895,
729,444,0,0,60,4.38,8.42,77512.3,2552.58,628.15,-0.03,-6.81,99921,0,0.03,457,895,
730,444,0,0,60,4.38,8.42,77435.26,2540.83,629.1,-0.03,-6.72,99921,0,0.03,457,895,
731,445,0,0,60,4.38,8.42,77358.11,2549.22,630.05,-0.03,-6.63,99921,0,0.03,457,895,
732,445,0,0,60,4.38,8.42,77280.85,2533.67,631,-0.03,-6.54,99921,0,0.03,457,895,
733,445,0,0,60,4.38,8.42,77203.47,2522.19,631.94,-0.03,-6.45,99921,0,0.03,457,895,
734,445,0,0,60,4.38,8.42,77125.97,2546.48,632.89,-0.03,-6.36,99921,0,0.03,457,895,
735,445,0,0,60,4.38,8.42,77048.36,2607.8,633.84,-0.03,-6.27,99921,0,0.03,458,895,
736,445,0,0,60,4.38,8.42,76970.63,2587.86,634.79,-0.03,-6.18,99921,0,0.03,458,895,
737,446,0,0,60,4.38,8.42,76892.79,2442.67,635.74,-0.03,-6.09,99921,0,0.03,458,895,
738,446,0,0,60,4.38,8.42,76814.84,2351.9,636.69,-0.03,-5.99,99921,0,0.03,458,895,
739,446,0,0,60,4.38,8.42,76736.77,2269.5,637.64,-0.03,-5.9,99921,0,0.03,458,895,
740,446,0,0,60,4.38,8.42,76658.59,2206.62,638.59,-0.03,-5.81,99921,0,0.03,458,895,
741,446,0,0,60,4.38,8.42,76580.29,2180.45,639.55,-0.03,-5.72,99921,0,0.03,458,895,
742,446,0,0,60,4.38,8.42,76501.88,2161.65,640.5,-0.03,-5.63,99921,0,0.03,459,895,
743,446,0,0,60,4.38,8.42,76423.35,2155.69,641.45,-0.03,-5.54,99921,0,0.03,459,895,
744,447,0,0,60,4.38,8.42,76344.71,2192.02,642.41,-0.03,-5.45,99921,0,0.03,459,895,
745,447,0,0,60,4.38,8.42,76265.96,2208.24,643.36,-0.03,-5.36,99921,0,0.03,459,895,
746,447,0,0,60,4.38,8.42,76187.1,2224.84,644.32,-0.03,-5.27,99921,0,0.03,459,895,
747,447,0,0,60,4.38,8.42,76108.12,2246.87,645.27,-0.03,-5.17,99921,0,0.03,459,895,
748,447,0,0,60,4.38,8.42,76029.02,2291.41,646.23,-0.03,-5.08,99921,0,0.03,459,895,
749,447,0,0,60,4.38,8.42,75949.82,2367.6,647.19,-0.03,-4.99,99921,0,0.03,460,895,
750,447,0,0,60,4.38,8.42,75870.5,2451.84,648.14,-0.03,-4.9,99921,0,0.03,460,895,
751,448,0,0,60,4.38,8.42,75791.07,2328.73,649.1,-0.03,-4.81,99921,0,0.03,460,895,
752,448,0,0,60,4.38,8.42,75711.53,2234.38,650.06,-0.03,-4.72,99921,0,0.03,460,895,
753,448,0,0,60,4.38,8.42,75631.87,2150.48,651.02,-0.03,-4.63,99921,0,0.03,460,895,
754,448,0,0,60,4.38,8.42,75552.11,2072.88,651.98,-0.03,-4.53,99921,0,0.03,460,895,
755,448,0,0,60,4.38,8.42,75472.23,2020.79,652.94,-0.03,-4.44,99921,0,0.03,460,895,
756,448,0,0,60,4.38,8.42,75392.24,1984.91,653.9,-0.03,-4.35,99921,0,0.03,461,895,
758,449,0,0,60,4.38,8.42,75231.92,1936.03,655.82,-0.03,-4.17,99921,0,0.03,461,895,
759,449,0,0,60,4.38,8.42,75151.6,1865.21,656.79,-0.03,-4.08,99921,0,0.03,461,895,
760,449,0,0,60,4.38,8.42,75071.16,1801.75,657.75,-0.03,-3.98,99921,0,0.03,461,895,
761,449,0,0,60,4.38,8.42,74990.61,1738.73,658.71,-0.03,-3.89,99921,0,0.03,461,895,
762,449,0,0,60,4.38,8.42,74909.95,1646.09,659.68,-0.03,-3.8,99921,0,0.03,462,895,
763,449,0,0,60,4.38,8.42,74829.18,1636.88,660.64,-0.03,-3.71,99921,0,0.03,462,895,
764,450,0,0,60,4.38,8.42,74748.3,1491.23,661.61,-0.03,-3.61,99921,0,0.03,462,895,
765,450,0,0,60,4.38,8.42,74667.31,1465.74,662.57,-0.03,-3.52,99921,0,0.03,462,895,
766,450,0,0,60,4.38,8.42,74586.21,1501.86,663.54,-0.03,-3.43,99921,0,0.03,462,895,
767,450,0,0,60,4.38,8.42,74505,1557.98,664.51,-0.03,-3.34,99921,0,0.03,462,895,
768,450,0,0,60,4.38,8.42,74423.68,1689.93,665.48,-0.03,-3.25,99921,0,0.03,462,895,
769,450,0,0,60,4.38,8.42,74342.25,1882.1,666.45,-0.03,-3.15,99921,0,0.03,463,895,
770,451,0,0,60,4.38,8.42,74260.71,1901.89,667.41,-0.03,-3.06,99921,0,0.03,463,895,
771,451,0,0,60,4.38,8.42,74179.06,1931.78,668.38,-0.03,-2.97,99921,0,0.03,463,895,
772,451,0,0,60,4.38,8.42,74097.3,1892.8,669.35,-0.03,-2.88,99921,0,0.03,463,895,
773,451,0,0,60,4.38,8.42,74015.43,1830.01,670.32,-0.03,-2.78,99921,0,0.03,463,895,
774,451,0,0,60,4.38,8.42,73933.45,1787.29,671.3,-0.03,-2.69,99921,0,0.03,463,895,
775,451,0,0,60,4.38,8.42,73851.37,1754.05,672.27,-0.03,-2.6,99921,0,0.03,464,895,
776,451,0,0,60,4.38,8.42,73769.17,1732.48,673.24,-0.03,-2.5,99921,0,0.03,464,895,
777,452,0,0,60,4.38,8.42,73686.87,1751.38,674.21,-0.03,-2.41,99921,0,0.03,464,895,
778,452,0,0,60,4.38,8.42,73604.46,1762.62,675.19,-0.03,-2.32,99921,0,0.03,464,895,
779,452,0,0,60,4.38,8.42,73521.94,1767.85,676.16,-0.03,-2.23,99921,0,0.03,464,895,
780,452,0,0,60,4.38,8.42,73439.31,1800.1,677.14,-0.03,-2.13,99921,0,0.03,464,895,
781,452,0,0,60,4.38,8.42,73356.57,1777.93,678.11,-0.03,-2.04,99921,0,0.03,464,895,
782,452,0,0,60,4.38,8.42,73273.73,1775.01,679.09,-0.03,-1.95,99921,0,0.03,465,895,
783,453,0,0,60,4.38,8.42,73190.78,1833.65,680.07,-0.03,-1.85,99921,0,0.03,465,895,
784,453,0,0,60,4.38,8.42,73107.72,1909.84,681.04,-0.03,-1.76,99921,0,0.03,465,895,
785,453,0,0,60,4.38,8.42,73024.55,1976.04,682.02,-0.03,-1.67,99921,0,0.03,465,895,
786,453,0,0,60,4.38,8.42,72941.28,2008.4,683,-0.03,-1.57,99921,0,0.03,465,895,
787,453,0,0,60,4.38,8.42,72857.9,1911.47,683.98,-0.03,-1.48,99921,0,0.03,465,895,
788,453,0,0,60,4.38,8.42,72774.41,1910.75,684.96,-0.03,-1.38,99921,0,0.03,466,895,
789,454,0,0,60,4.38,8.42,72690.82,1980.36,685.94,-0.03,-1.29,99921,0,0.03,466,895,
790,454,0,0,60,4.38,8.42,72607.12,1993.91,686.92,-0.03,-1.2,99921,0,0.03,466,895,
791,454,0,0,60,4.38,8.42,72523.31,2009.07,687.9,-0.03,-1.1,99921,0,0.03,466,895,
792,454,0,0,60,4.38,8.42,72439.4,2054.99,688.89,-0.03,-1.01,99921,0,0.03,466,895,
793,454,0,0,60,4.38,8.42,72355.38,2154.42,689.87,-0.03,-0.92,99921,0,0.03,466,895,
794,454,0,0,60,4.38,8.42,72271.26,2222.01,690.85,-0.03,-0.82,99921,0,0.03,466,895,
795,455,0,0,60,4.38,8.42,72187.03,2246.37,691.84,-0.03,-0.73,99921,0,0.03,467,895,
796,455,0,0,60,4.38,8.42,72102.7,2304.85,692.82,-0.03,-0.63,99921,0,0.03,467,895,
797,455,0,0,60,4.38,8.42,72018.26,2342.94,693.81,-0.03,-0.54,99921,0,0.03,467,895,
798,455,0,0,60,4.38,8.42,71933.71,2377.76,694.79,-0.03,-0.45,99921,0,0.03,467,895,
799,455,0,0,60,4.38,8.42,71849.07,2405.21,695.78,-0.03,-0.35,99921,0,0.03,467,895,
800,455,0,0,60,4.38,8.42,71764.31,2469.39,696.77,-0.03,-0.26,99921,0,0.03,467,895,
801,456,0,0,60,4.38,8.42,71679.45,2514.67,697.76,-0.03,-0.16,99921,0,0.03,468,895,
802,456,0,0,60,4.38,8.42,71594.49,2584.28,698.74,-0.03,-0.07,99921,0,0.03,468,895,
803,456,0,0,60,4.38,8.42,71509.34,2630.14,699.73,-0.03,0.03,99921,0,0.03,468,895,
804,456,0,0,60,4.38,8.42,71422.38,2688.74,700.75,-0.03,0.12,99921,0,0.03,468,895,
805,456,0,0,60,4.38,8.42,71333.6,2710.75,701.78,-0.03,0.22,99921,0,0.03,468,895,
806,456,0,0,60,4.38,8.42,71243,2736.91,702.83,-0.03,0.32,99921,0,0.03,468,895,
807,457,0,0,60,4.38,8.42,71150.58,2762.28,703.9,-0.03,0.42,99921,0,0.03,469,895,
808,457,0,0,60,4.38,8.42,71056.32,2779.82,704.99,-0.03,0.53,99921,0,0.03,469,895,
810,457,0,0,60,4.38,8.42,70960.22,2795.33,706.11,-0.03,0.63,99921,0,0.03,469,895,
811,457,0,0,60,4.38,8.42,70862.27,2800.19,707.24,-0.03,0.74,99921,0,0.03,469,895,
812,457,0,0,60,4.38,8.42,70762.48,2839.8,708.4,-0.03,0.85,99921,0,0.03,469,895,
813,457,0,0,60,4.38,8.42,70660.81,2926.48,709.57,-0.03,0.97,99921,0,0.03,470,895,
814,458,0,0,60,4.38,8.42,70557.29,2944,710.77,-0.03,1.08,99921,0,0.03,470,895,
815,458,0,0,60,4.38,8.42,70451.88,2938.35,711.99,-0.03,1.2,99921,0,0.03,470,895,
817,458,0,0,60,4.38,8.42,70344.6,2958.26,713.23,-0.03,1.31,99921,0,0.03,470,895,
818,458,0,0,60,4.38,8.42,70235.43,3019.59,714.48,-0.03,1.43,99921,0,0.03,470,895,
819,459,0,0,60,4.38,8.42,70124.36,2992.32,715.77,-0.03,1.56,99921,0,0.03,471,895,
820,459,0,0,60,4.38,8.42,70011.38,2971.2,717.07,-0.03,1.68,99921,0,0.03,471,895,
822,459,0,0,60,4.38,8.42,69896.5,2953,718.39,-0.03,1.81,99921,0,0.03,471,895,
823,459,0,0,60,4.38,8.42,69779.69,2954.5,719.73,-0.03,1.94,99921,0,0.03,471,895,
824,459,0,0,60,4.38,8.42,69660.96,2931.41,721.1,-0.03,2.07,99921,0,0.03,471,895,
826,460,0,0,60,4.38,8.42,69540.3,2916.82,722.49,-0.03,2.2,99921,0,0.03,472,895,
827,460,0,0,60,4.38,8.42,69417.69,2899.63,723.89,-0.03,2.33,99921,0,0.03,472,895,
829,460,0,0,60,4.38,8.42,69293.14,2887.72,725.32,-0.03,2.47,99921,0,0.03,472,895,
830,460,0,0,60,4.38,8.42,69166.62,2955.71,726.77,-0.03,2.61,99921,0,0.03,472,895,
831,461,0,0,60,4.38,8.42,69038.15,2960.92,728.25,-0.03,2.75,99921,0,0.03,473,895,
834,461,0,0,60,4.38,8.42,68775.26,2931.68,731.26,-0.03,3.04,99921,0,0.03,473,895,
836,461,0,0,60,4.38,8.42,68640.84,2951.36,732.8,-0.03,3.18,99921,0,0.03,473,895,
837,462,0,0,60,4.38,8.42,68504.42,2997.53,734.35,-0.03,3.33,99921,0,0.03,474,895,
839,462,0,0,60,4.38,8.42,68365.99,2960.76,735.94,-0.03,3.48,99921,0,0.03,474,895,
842,463,0,0,60,4.38,8.42,68083.09,3042.64,739.16,-0.03,3.79,99921,0,0.03,474,895,
844,463,0,0,60,4.38,8.42,67938.59,3174.26,740.81,-0.03,3.95,99921,0,0.03,475,895,
845,463,0,0,60,4.38,8.42,67792.06,3106.4,742.48,-0.03,4.11,99921,0,0.03,475,895,
847,463,0,0,60,4.38,8.42,67643.48,3000.91,744.17,-0.03,4.27,99921,0,0.03,475,895,
849,464,0,0,60,4.38,8.42,67492.84,3082.95,745.89,-0.03,4.43,99921,0,0.03,476,895,
850,464,0,0,60,4.38,8.42,67340.13,2981.56,747.63,-0.03,4.6,99921,0,0.03,476,895,
852,464,0,0,60,4.38,8.42,67185.35,3009.65,749.38,-0.03,4.77,99921,0,0.03,476,895,
854,465,0,0,60,4.38,8.42,67028.49,3045.46,751.17,-0.03,4.94,99921,0,0.03,476,895,
855,465,0,0,60,4.38,8.42,66869.54,3120.98,752.97,-0.03,5.11,99921,0,0.03,477,895,
857,465,0,0,60,4.38,8.42,66708.49,3121.5,754.8,-0.03,5.28,99921,0,0.03,477,895,
859,466,0,0,60,4.38,8.42,66545.32,3160.47,756.65,-0.03,5.46,99921,0,0.03,477,895,
861,466,0,0,60,4.38,8.42,66380.04,3204.65,758.52,-0.03,5.64,99921,0,0.03,478,895,
863,466,0,0,60,4.38,8.42,66212.63,3149.9,760.42,-0.03,5.82,99921,0,0.03,478,895,
864,467,0,0,60,4.38,8.42,66043.09,3114.35,762.34,-0.03,6,99921,0,0.03,478,895,
866,467,0,0,60,4.38,8.42,65871.4,3024.47,764.28,-0.03,6.19,99921,0,0.03,479,895,
868,467,0,0,60,4.38,8.42,65697.56,2925.91,766.24,-0.03,6.38,99921,0,0.03,479,895,
870,468,0,0,60,4.38,8.42,65521.56,2910.34,768.23,-0.03,6.57,99921,0,0.03,479,895,
872,468,0,0,60,4.38,8.42,65343.38,2879.34,770.24,-0.03,6.76,99921,0,0.03,480,895,
874,468,0,0,60,4.38,8.42,65163.03,2902.75,772.28,-0.03,6.95,99921,0,0.03,480,895,
876,469,0,0,60,4.38,8.42,64980.49,2960.28,774.34,-0.03,7.15,99921,0,0.03,480,895,
878,469,0,0,60,4.38,8.42,64795.84,2998.03,776.42,-0.03,7.35,99921,0,0.03,481,895,
880,469,0,0,60,4.38,8.42,64610.84,2986.25,778.51,-0.03,7.55,99921,0,0.03,481,895,
884,470,0,0,60,4.38,8.42,64239.79,2944.22,782.69,-0.03,7.95,99921,0,0.03,482,895,
886,470,0,0,60,4.38,8.42,64053.75,2940.71,784.78,-0.03,8.15,99921,0,0.03,482,895,
888,471,0,0,60,4.38,8.42,63867.35,2934.97,786.88,-0.03,8.35,99921,0,0.03,483,895,
892,472,0,0,60,4.38,8.42,63493.53,2946.69,791.08,-0.03,8.75,99921,0,0.03,483,895,
894,472,0,0,60,4.38,8.42,63306.11,2972.95,793.19,-0.03,8.95,99921,0,0.03,484,895,
898,473,0,0,60,4.38,8.42,62930.25,2993.3,797.41,-0.03,9.35,99921,0,0.03,484,895,
900,473,0,0,60,4.38,8.42,62741.81,3013.96,799.53,-0.03,9.56,99921,0,0.03,485,895,
902,473,0,0,60,4.38,8.42,62553.05,3000.87,801.65,-0.03,9.76,99921,0,0.03,485,895,
906,474,0,0,60,4.38,8.42,62174.53,2718.03,805.89,-0.03,10.16,99921,0,0.03,486,895,
908,475,0,0,60,4.38,8.42,61984.78,2639.52,808.02,-0.03,10.37,99921,0,0.03,486,895,
910,475,0,0,60,4.38,8.42,61794.7,2738.01,810.15,-0.03,10.57,99921,0,0.03,487,895,
912,475,0,0,60,4.38,8.42,61604.3,2744.14,812.29,-0.03,10.77,99921,0,0.03,487,895,
916,476,0,0,60,4.38,8.42,61222.54,2753.1,816.57,-0.03,11.18,99921,0,0.03,488,895,
918,476,0,0,60,4.38,8.42,61031.19,2690.91,818.71,-0.03,11.39,99921,0,0.03,488,895,
922,477,0,0,60,4.38,8.42,60647.54,2419.45,823.01,-0.03,11.8,99921,0,0.03,489,895,
924,478,0,0,60,4.38,8.42,60455.25,2268.89,825.16,-0.03,12,99921,0,0.03,489,895,
926,478,0,0,60,4.38,8.42,60262.65,1991.71,827.32,-0.03,12.21,99921,0,0.03,490,895,
928,478,0,0,60,4.38,8.42,60069.75,1848.27,829.48,-0.03,12.42,99921,0,0.03,490,895,
930,479,0,0,60,4.38,8.42,59876.54,1629.45,831.64,-0.03,12.62,99921,0,0.03,490,895,
932,479,0,0,60,4.38,8.42,59683.03,1398.74,833.81,-0.03,12.83,99921,0,0.03,491,895,
934,480,0,0,60,4.38,8.42,59489.22,1076.42,835.98,-0.03,13.04,99921,0,0.03,491,895,
936,480,0,0,60,4.38,8.42,59295.12,803.5,838.15,-0.03,13.24,99921,0,0.03,491,895,
938,480,0,0,60,4.38,8.42,59100.72,733.38,840.33,-0.03,13.45,99921,0,0.03,492,895,
940,481,0,0,60,4.38,8.42,58906.02,728.26,842.51,-0.03,13.66,99921,0,0.03,492,895,
942,481,0,0,60,4.38,8.42,58711.04,734.7,844.7,-0.03,13.87,99921,0,0.03,493,895,
944,482,0,0,60,4.38,8.42,58515.77,792.69,846.88,-0.03,14.08,99921,0,0.03,493,895,
946,482,0,0,60,4.38,8.42,58320.22,627.73,849.07,-0.03,14.29,99921,0,0.03,493,895,
948,482,0,0,60,4.38,8.42,58124.38,701.45,851.27,-0.03,14.5,99921,0,0.03,494,895,
950,483,0,0,60,4.38,8.42,57928.26,709.63,853.46,-0.03,14.71,99921,0,0.03,494,895,
952,483,0,0,60,4.38,8.42,57731.86,730.24,855.67,-0.03,14.92,99921,0,0.03,495,895,
954,484,0,0,60,4.38,8.42,57535.18,687.01,857.87,-0.03,15.13,99921,0,0.03,495,895,
956,484,0,0,60,4.38,8.42,57338.23,735.63,860.08,-0.03,15.34,99921,0,0.03,495,895,
958,484,0,0,60,4.38,8.42,57141.01,793.36,862.29,-0.03,15.55,99921,0,0.03,496,895,
960,485,0,0,60,4.38,8.42,56943.52,833.01,864.5,-0.03,15.76,99921,0,0.03,496,895,
962,485,0,0,60,4.38,8.42,56745.77,937.1,866.72,-0.03,15.97,99921,0,0.03,497,895,
964,486,0,0,60,4.38,8.42,56547.75,1143.83,868.94,-0.03,16.18,99921,0,0.03,497,895,
966,486,0,0,60,4.38,8.42,56349.46,1284.18,871.17,-0.03,16.4,99921,0,0.03,497,895,
968,486,0,0,60,4.38,8.42,56150.92,1358.07,873.4,-0.03,16.61,99921,0,0.03,498,895,
970,487,0,0,60,4.38,8.42,55952.12,1089.7,875.63,-0.03,16.82,99921,0,0.03,498,895,
972,487,0,0,60,4.38,8.42,55753.07,1017.04,877.86,-0.03,17.04,99921,0,0.03,498,895,
974,488,0,0,60,4.38,8.42,55553.77,1026.09,880.1,-0.03,17.25,99921,0,0.03,499,895,
976,488,0,0,60,4.38,8.42,55354.21,899.87,882.35,-0.03,17.46,99921,0,0.03,499,895,
978,488,0,0,60,4.38,8.42,55154.41,865.61,884.59,-0.03,17.68,99921,0,0.03,500,895,
980,489,0,0,60,4.38,8.42,54954.37,1008.67,886.84,-0.03,17.89,99921,0,0.03,500,895,
982,489,0,0,60,4.38,8.42,54754.08,1414.83,889.1,-0.03,18.11,99921,0,0.03,500,895,
984,490,0,0,60,4.38,8.42,54553.55,1341.69,891.35,-0.03,18.32,99921,0,0.03,501,895,
986,490,0,0,60,4.38,8.42,54352.79,1483.31,893.62,-0.03,18.54,99921,0,0.03,501,895,
988,490,0,0,60,4.38,8.42,54151.79,1525.13,895.88,-0.03,18.76,99921,0,0.03,502,895,
990,491,0,0,60,4.38,8.42,53950.56,1744.98,898.15,-0.03,18.97,99921,0,0.03,502,895,
992,491,0,0,60,4.38,8.42,53749.11,1745.82,900.42,-0.03,19.19,99921,0,0.03,503,895,
994,492,0,0,60,4.38,8.42,53547.42,1746.44,902.7,-0.03,19.41,99921,0,0.03,503,895,
996,492,0,0,60,4.38,8.42,53345.52,1794.24,904.98,-0.03,19.63,99921,0,0.03,503,895,
998,493,0,0,60,4.38,8.42,53143.39,1719.98,907.26,-0.03,19.84,99921,0,0.03,504,895,
1000,493,0,0,60,4.38,8.42,52941.05,1579.27,909.55,-0.03,20.06,99921,0,0.03,504,895,
1002,493,0,0,60,4.38,8.42,52738.49,1411.85,911.84,-0.03,20.28,99921,0,0.03,505,895,
1004,494,0,0,60,4.38,8.42,52535.72,1224.8,914.13,-0.03,20.5,99921,0,0.03,505,895,
1006,494,0,0,60,4.38,8.42,52332.73,1089.2,916.43,-0.03,20.72,99921,0,0.03,505,895,
1008,495,0,0,60,4.38,8.42,52129.55,1042.38,918.73,-0.03,20.94,99921,0,0.03,506,895,
1010,495,0,0,60,4.38,8.42,51926.15,896.66,921.04,-0.03,21.16,99921,0,0.03,506,895,
1012,495,0,0,60,4.38,8.42,51722.56,815.34,923.35,-0.03,21.38,99921,0,0.03,507,895,
1014,496,0,0,60,4.38,8.42,51518.77,918.55,925.66,-0.03,21.6,99921,0,0.03,507,895,
1016,496,0,0,60,4.38,8.42,51314.78,959.77,927.98,-0.03,21.82,99921,0,0.03,507,895,
1018,497,0,0,60,4.38,8.42,51110.6,887.48,930.3,-0.03,22.04,99921,0,0.03,508,895,
1020,497,0,0,60,4.38,8.42,50906.23,822.63,932.62,-0.03,22.27,99921,0,0.03,508,895,
1022,498,0,0,60,4.38,8.42,50701.67,790.27,934.95,-0.03,22.49,99921,0,0.03,509,895,
1026,498,0,0,60,4.38,8.42,50292.01,761.34,939.62,-0.03,22.93,99921,0,0.03,510,895,
1030,499,0,0,60,4.38,8.42,49881.64,807.73,944.31,-0.03,23.38,99921,0,0.03,510,895,
1032,500,0,0,60,4.38,8.42,49676.19,767.94,946.66,-0.03,23.61,99921,0,0.03,511,895,
1034,500,0,0,60,4.38,8.42,49470.57,727.85,949.01,-0.03,23.83,99921,0,0.03,511,895,
1036,501,0,0,60,4.38,8.42,49264.79,894.16,951.36,-0.03,24.05,99921,0,0.03,512,895,
1038,501,0,0,60,4.38,8.42,49058.85,1227.37,953.73,-0.03,24.28,99921,0,0.03,512,895,
1040,501,0,0,60,4.38,8.42,48852.74,1090.38,956.09,-0.03,24.51,99921,0,0.03,512,895,
1042,502,0,0,60,4.38,8.42,48646.48,1142.85,958.46,-0.03,24.73,99921,0,0.03,513,895,
1044,502,0,0,60,4.38,8.42,48440.07,1173.72,960.83,-0.03,24.96,99921,0,0.03,513,895,
1046,503,0,0,60,4.38,8.42,48233.5,1332.58,963.21,-0.03,25.19,99921,0,0.03,514,895,
1048,503,0,0,60,4.38,8.42,48026.79,1701.38,965.59,-0.03,25.41,99921,0,0.03,514,895,
1050,504,0,0,60,4.38,8.42,47819.93,1830.59,967.97,-0.03,25.64,99921,0,0.03,515,895,
1052,504,0,0,60,4.38,8.42,47612.93,1635.78,970.36,-0.03,25.87,99921,0,0.03,515,895,
1054,504,0,0,60,4.38,8.42,47405.8,1545.35,972.75,-0.03,26.1,99921,0,0.03,515,895,
1056,505,0,0,60,4.38,8.42,47198.52,1534.96,975.15,-0.03,26.33,99921,0,0.03,516,895,
1058,505,0,0,60,4.38,8.42,46991.12,1489.56,977.55,-0.03,26.56,99921,0,0.03,516,895,
1060,506,0,0,60,4.38,8.42,46783.59,1425.06,979.96,-0.03,26.79,99921,0,0.03,517,895,
1062,506,0,0,60,4.38,8.42,46575.94,1402.17,982.37,-0.03,27.02,99921,0,0.03,517,895,
1066,507,0,0,60,4.38,8.42,46160.26,1381.56,987.2,-0.03,27.48,99921,0,0.03,518,895,
1068,508,0,0,60,4.38,8.42,45952.25,1377.41,989.62,-0.03,27.71,99921,0,0.03,518,895,
1070,508,0,0,60,4.38,8.42,45744.13,1356.94,992.04,-0.03,27.94,99921,0,0.03,519,895,
1072,508,0,0,60,4.38,8.42,45535.9,1415.06,994.47,-0.03,28.17,99921,0,0.03,519,895,
1074,509,0,0,60,4.38,8.42,45327.57,1514.67,996.91,-0.03,28.4,99921,0,0.03,520,895,
1076,509,0,0,60,4.38,8.42,45119.13,1662.08,999.35,-0.03,28.64,99921,0,0.03,520,895,
1078,510,0,0,60,4.38,8.42,44910.6,1833.95,1001.79,-0.03,28.87,99921,0,0.03,521,895,
1080,510,0,0,60,4.38,8.42,44701.97,1942.9,1004.24,-0.03,29.1,99921,0,0.03,521,895,
1084,511,0,0,60,4.38,8.42,44284.44,1991.76,1009.14,-0.03,29.57,99921,0,0.03,522,895,
1086,512,0,0,60,4.38,8.42,44075.55,2062.93,1011.6,-0.03,29.81,99921,0,0.03,522,895,
1090,512,0,0,60,4.38,8.42,43657.53,1996.23,1016.54,-0.03,30.28,99921,0,0.03,523,895,
1092,513,0,0,60,4.38,8.42,43448.4,2156.69,1019.01,-0.03,30.51,99921,0,0.03,524,895,
1094,513,0,0,60,4.38,8.42,43239.21,2253.95,1021.49,-0.03,30.75,99921,0,0.03,524,895,
1096,514,0,0,60,4.38,8.42,43029.95,2401.89,1023.97,-0.03,30.99,99921,0,0.03,525,895,
1098,514,0,0,60,4.38,8.42,42820.63,2570.42,1026.46,-0.03,31.23,99921,0,0.03,525,895,
1100,515,0,0,60,4.38,8.42,42611.25,2694.91,1028.95,-0.03,31.46,99921,0,0.03,525,895,
1102,515,0,0,60,4.38,8.42,42401.81,2840.82,1031.44,-0.03,31.7,99921,0,0.03,526,895,
1104,516,0,0,60,4.38,8.42,42192.33,2987.8,1033.94,-0.03,31.94,99921,0,0.03,526,895,
1106,516,0,0,60,4.38,8.42,41982.79,3066.65,1036.44,-0.03,32.18,99921,0,0.03,527,895,
1108,517,0,0,60,4.38,8.42,41773.21,3130.39,1038.95,-0.03,32.42,99921,0,0.03,527,895,
1110,517,0,0,60,4.38,8.42,41563.59,3216.12,1041.46,-0.03,32.66,99921,0,0.03,528,895,
1112,517,0,0,60,4.38,8.42,41353.93,3216.51,1043.98,-0.03,32.9,99921,0,0.03,528,895,
1114,518,0,0,60,4.38,8.42,41144.24,3200.39,1046.5,-0.03,33.14,99921,0,0.03,529,895,
1116,518,0,0,60,4.38,8.42,40934.52,3403.38,1049.03,-0.03,33.38,99921,0,0.03,529,895,
1118,519,0,0,60,4.38,8.42,40724.78,3288.6,1051.56,-0.03,33.62,99921,0,0.03,529,895,
1120,519,0,0,60,4.38,8.42,40515.01,3218,1054.09,-0.03,33.86,99921,0,0.03,530,895,
1122,520,0,0,60,4.38,8.42,40305.23,3135.09,1056.63,-0.03,34.11,99921,0,0.03,530,895,
1124,520,0,0,60,4.38,8.42,40095.44,2967.57,1059.18,-0.03,34.35,99921,0,0.03,531,895,
1126,521,0,0,60,4.38,8.42,39885.63,3015.33,1061.73,-0.03,34.59,99921,0,0.03,531,895,
1128,521,0,0,60,4.38,8.42,39675.82,3017.96,1064.28,-0.03,34.84,99921,0,0.03,532,895,
1130,522,0,0,60,4.38,8.42,39466,3060.34,1066.84,-0.03,35.08,99921,0,0.03,532,895,
1132,522,0,0,60,4.38,8.42,39256.19,3127.35,1069.4,-0.03,35.33,99921,0,0.03,533,895,
1134,522,0,0,60,4.38,8.42,39046.39,3078.44,1071.96,-0.03,35.57,99921,0,0.03,533,895,
1136,523,0,0,60,4.38,8.42,38836.59,2981.05,1074.54,-0.03,35.82,99921,0,0.03,533,895,
1138,523,0,0,60,4.38,8.42,38626.81,2889.84,1077.11,-0.03,36.06,99921,0,0.03,534,895,
1140,524,0,0,60,4.38,8.42,38417.05,2708.76,1079.69,-0.03,36.31,99921,0,0.03,534,895,
1142,524,0,0,60,4.38,8.42,38207.31,2670.58,1082.28,-0.03,36.56,99921,0,0.03,535,895,
1144,525,0,0,60,4.38,8.42,37997.59,2822.57,1084.87,-0.03,36.8,99921,0,0.03,535,895,
1146,525,0,0,60,4.38,8.42,37787.91,2731.11,1087.46,-0.03,37.05,99921,0,0.03,536,895,
1148,526,0,0,60,4.38,8.42,37578.26,2601.2,1090.06,-0.03,37.3,99921,0,0.03,536,895,
1150,526,0,0,60,4.38,8.42,37368.65,2524.76,1092.67,-0.03,37.55,99921,0,0.03,537,895,
1152,527,0,0,60,4.38,8.42,37159.08,2547.36,1095.27,-0.03,37.8,99921,0,0.03,537,895,
1154,527,0,0,60,4.38,8.42,36949.56,2542.38,1097.89,-0.03,38.05,99921,0,0.03,538,895,
1156,527,0,0,60,4.38,8.42,36740.09,2431.83,1100.51,-0.03,38.3,99921,0,0.03,538,895,
1158,528,0,0,60,4.38,8.42,36530.68,2347.06,1103.13,-0.03,38.55,99921,0,0.03,538,895,
1160,528,0,0,60,4.38,8.42,36321.33,2422.93,1105.76,-0.03,38.8,99921,0,0.03,539,895,
1162,529,0,0,60,4.38,8.42,36112.04,2453.69,1108.39,-0.03,39.05,99921,0,0.03,539,895,
1166,530,0,0,60,4.38,8.42,35693.67,2388.7,1113.67,-0.03,39.55,99921,0,0.03,540,895,
1168,530,0,0,60,4.38,8.42,35484.61,2400.51,1116.31,-0.03,39.81,99921,0,0.03,541,895,
1170,531,0,0,60,4.38,8.42,35275.62,2361.72,1118.97,-0.03,40.06,99921,0,0.03,541,895,
1172,531,0,0,60,4.38,8.42,35066.71,2263.1,1121.62,-0.03,40.31,99921,0,0.03,542,895,
1174,532,0,0,60,4.38,8.42,34857.9,2204.56,1124.28,-0.03,40.57,99921,0,0.03,542,895,
1176,532,0,0,60,4.38,8.42,34649.19,2239.61,1126.95,-0.03,40.82,99921,0,0.03,543,895,
1178,533,0,0,60,4.38,8.42,34440.57,2299.69,1129.62,-0.03,41.08,99921,0,0.03,543,895,
1180,533,0,0,60,4.38,8.42,34232.06,2430.48,1132.3,-0.03,41.33,99921,0,0.03,543,895,
1182,533,0,0,60,4.38,8.42,34023.66,2531.26,1134.98,-0.03,41.59,99921,0,0.03,544,895,
1184,534,0,0,60,4.38,8.42,33815.37,2609.02,1137.66,-0.03,41.84,99921,0,0.03,544,895,
1186,534,0,0,60,4.38,8.42,33607.19,2651.98,1140.35,-0.03,42.1,99921,0,0.03,545,895,
1188,535,0,0,60,4.38,8.42,33399.14,2710.38,1143.05,-0.03,42.36,99921,0,0.03,545,895,
1190,535,0,0,60,4.38,8.42,33191.22,2715.54,1145.75,-0.03,42.62,99921,0,0.03,546,895,
1192,536,0,0,60,4.38,8.42,32983.42,2830.33,1148.45,-0.03,42.88,99921,0,0.03,546,895,
1194,536,0,0,60,4.38,8.42,32775.76,2985.93,1151.16,-0.03,43.13,99921,0,0.03,547,895,
1196,537,0,0,60,4.38,8.42,32568.24,3043.6,1153.88,-0.03,43.39,99921,0,0.03,547,895,
1198,537,0,0,60,4.38,8.42,32360.87,2993.15,1156.6,-0.03,43.65,99921,0,0.03,548,895,
1200,538,0,0,60,4.38,8.42,32153.65,3000.09,1159.32,-0.03,43.91,99921,0,0.03,548,895,
1202,538,0,0,60,4.38,8.42,31946.58,2850.03,1162.05,-0.03,44.17,99921,0,0.03,548,895,
1204,539,0,0,60,4.38,8.42,31739.68,2938.79,1164.79,-0.03,44.44,99921,0,0.03,549,895,
1206,539,0,0,60,4.38,8.42,31532.92,2929.39,1167.52,-0.03,44.7,99921,0,0.03,549,895,
1208,540,0,0,60,4.38,8.42,31326.35,2972.39,1170.27,-0.03,44.96,99921,0,0.03,550,895,
1210,540,0,0,60,4.38,8.42,31119.95,3082.8,1173.02,-0.03,45.22,99921,0,0.03,550,895,
1212,540,0,0,60,4.38,8.42,30913.73,3108.6,1175.77,-0.03,45.48,99921,0,0.03,551,895,
1216,541,0,0,60,4.38,8.42,30501.84,3043.05,1181.3,-0.03,46.01,99921,0,0.03,552,895,
1218,542,0,0,60,4.38,8.42,30296.18,2962.79,1184.07,-0.03,46.28,99921,0,0.03,552,895,
1220,542,0,0,60,4.38,8.42,30090.72,2884.96,1186.84,-0.03,46.54,99921,0,0.03,553,895,
1222,543,0,0,60,4.38,8.42,29885.46,2809.54,1189.62,-0.03,46.81,99921,0,0.03,553,895,
1224,543,0,0,60,4.38,8.42,29680.41,2734.73,1192.41,-0.03,47.07,99921,0,0.03,553,895,
1226,544,0,0,60,4.38,8.42,29475.57,2611.14,1195.2,-0.03,47.34,99921,0,0.03,554,895,
1228,544,0,0,60,4.38,8.42,29270.95,2425.87,1197.99,-0.03,47.61,99921,0,0.03,554,895,
1230,545,0,0,60,4.38,8.42,29066.56,2286.94,1200.79,-0.03,47.87,99921,0,0.03,555,895,
1232,545,0,0,60,4.38,8.42,28862.4,2149.41,1203.6,-0.03,48.14,99921,0,0.03,555,895,
1234,546,0,0,60,4.38,8.42,28658.46,2081.28,1206.41,-0.03,48.41,99921,0,0.03,556,895,
1236,546,0,0,60,4.38,8.42,28454.77,2081.47,1209.22,-0.03,48.68,99921,0,0.03,556,895,
1238,547,0,0,60,4.38,8.42,28251.31,1938.95,1212.04,-0.03,48.95,99921,0,0.03,557,895,
1240,547,0,0,60,4.38,8.42,28048.11,1940.15,1214.87,-0.03,49.22,99921,0,0.03,557,895,
1242,547,0,0,60,4.38,8.42,27845.15,2149.77,1217.7,-0.03,49.49,99921,0,0.03,558,895,
1244,548,0,0,60,4.38,8.42,27642.45,2374.77,1220.54,-0.03,49.76,99921,0,0.03,558,895,
1246,548,0,0,60,4.38,8.42,27440.02,2486.99,1223.38,-0.03,50.03,99921,0,0.03,558,895,
1248,549,0,0,60,4.38,8.42,27237.86,2350.6,1226.22,-0.03,50.3,99921,0,0.03,559,895,
1250,549,0,0,60,4.38,8.42,27035.97,2117.29,1229.08,-0.03,50.57,99921,0,0.03,559,895,
1252,550,0,0,60,4.38,8.42,26834.36,1972.86,1231.93,-0.03,50.85,99921,0,0.03,560,895,
1254,550,0,0,60,4.38,8.42,26633.04,2091.8,1234.79,-0.03,51.12,99921,0,0.03,560,895,
1256,551,0,0,60,4.38,8.42,26432.02,2281.78,1237.66,-0.03,51.39,99921,0,0.03,561,895,
1258,551,0,0,60,4.38,8.42,26231.28,2553.44,1240.53,-0.03,51.67,99921,0,0.03,561,895,
1262,552,0,0,60,4.38,8.42,25830.7,2514.79,1246.29,-0.03,52.22,99921,0,0.03,562,895,
1264,553,0,0,60,4.38,8.42,25630.88,2593.05,1249.18,-0.03,52.49,99921,0,0.03,563,895,
1266,553,0,0,60,4.38,8.42,25432.69,2550.15,1252.05,-0.03,52.77,99921,0,0.03,563,895,
1268,553,0,0,60,4.38,8.42,25238.74,2679.38,1254.88,-0.03,53.04,99921,0,0.03,563,895,
1270,554,0,0,60,4.38,8.42,25049.05,2681.95,1257.64,-0.03,53.3,99921,0,0.03,564,895,
1272,554,0,0,60,4.38,8.42,24863.6,2618.98,1260.36,-0.03,53.56,99921,0,0.03,564,895,
1274,555,0,0,60,4.38,8.42,24682.34,2595.6,1263.02,-0.03,53.82,99921,0,0.03,565,895,
1275,555,0,0,60,4.38,8.42,24505.29,2644.54,1265.63,-0.03,54.07,99921,0,0.03,565,895,
1277,556,0,0,60,4.38,8.42,24332.43,2559.58,1268.19,-0.03,54.31,99921,0,0.03,566,895,
1279,556,0,0,60,4.38,8.42,24163.75,2522.73,1270.69,-0.03,54.55,99921,0,0.03,566,895,
1281,556,0,0,60,4.38,8.42,23999.23,2607.32,1273.14,-0.03,54.78,99921,0,0.03,566,895,
1282,557,0,0,60,4.38,8.42,23838.85,2701.48,1275.53,-0.03,55.01,99921,0,0.03,567,895,
1284,557,0,0,60,4.38,8.42,23682.6,2632.35,1277.87,-0.03,55.23,99921,0,0.03,567,895,
1286,557,0,0,60,4.38,8.42,23530.46,2639.81,1280.15,-0.03,55.45,99921,0,0.03,567,895,
1287,558,0,0,60,4.38,8.42,23382.42,2656.99,1282.38,-0.03,55.66,99921,0,0.03,568,895,
1289,558,0,0,60,4.38,8.42,23238.47,2691.44,1284.55,-0.03,55.87,99921,0,0.03,568,895,
1290,558,0,0,60,4.38,8.42,23098.58,2716.9,1286.67,-0.03,56.07,99921,0,0.03,568,895,
1291,559,0,0,60,4.38,8.42,22962.76,2826.86,1288.73,-0.03,56.27,99921,0,0.03,569,895,
1293,559,0,0,60,4.38,8.42,22830.97,2820.1,1290.74,-0.03,56.46,99921,0,0.03,569,895,
1294,559,0,0,60,4.38,8.42,22703.23,2782.96,1292.69,-0.03,56.65,99921,0,0.03,569,895,
1296,560,0,0,60,4.38,8.42,22579.49,2826.12,1294.58,-0.03,56.83,99921,0,0.03,570,895,
1297,560,0,0,60,4.38,8.42,22459.74,2877.11,1296.41,-0.03,57,99921,0,0.03,570,895,
1298,560,0,0,60,4.38,8.42,22344,2888.3,1298.19,-0.03,57.17,99921,0,0.03,570,895,
1299,560,0,0,60,4.38,8.42,22232.23,2887.84,1299.91,-0.03,57.34,99921,0,0.03,570,895,
1300,561,0,0,60,4.38,8.42,22124.42,2833.75,1301.58,-0.03,57.5,99921,0,0.03,571,895,
1303,561,0,0,60,4.38,8.42,21920.63,2826.24,1304.73,-0.03,57.8,99921,0,0.03,571,895,
1304,561,0,0,60,4.38,8.42,21824.64,2860.28,1306.22,-0.03,57.94,99921,0,0.03,571,895,
1306,562,0,0,60,4.38,8.42,21644.37,2900.97,1309.03,-0.03,58.21,99921,0,0.03,572,895,
1307,562,0,0,60,4.38,8.42,21560.07,2777.1,1310.35,-0.03,58.34,99921,0,0.03,572,895,
1308,562,0,0,60,4.38,8.42,21403.11,2699.33,1312.8,-0.03,58.57,99921,0,0.03,572,895,
1309,563,0,0,60,4.38,8.42,21330.42,2772.55,1313.94,-0.03,58.68,99921,0,0.03,572,895,
1310,563,0,0,60,4.38,8.42,21261.58,2738.29,1315.03,-0.03,58.78,99921,0,0.03,573,895,
1311,563,0,0,60,4.38,8.42,21196.58,2710.27,1316.05,-0.03,58.88,99921,0,0.03,573,895,
1312,563,0,0,60,4.38,8.42,21078.06,2709.55,1317.92,-0.03,59.06,99921,0,0.03,573,895,
1313,563,0,0,60,4.38,8.42,20974.81,2745.63,1319.55,-0.03,59.21,99921,0,0.03,573,895,
1314,564,0,0,60,4.38,8.42,20886.77,2808.59,1320.95,-0.03,59.35,99921,0,0.03,574,895,
1315,564,0,0,60,4.38,8.42,20813.88,2825.35,1322.1,-0.03,59.46,99921,0,0.03,574,895,
1316,564,0,0,60,4.38,8.42,20756.11,2839.74,1323.02,-0.03,59.55,99921,0,0.03,574,895,
1317,564,0,0,60,4.38,8.42,20677.62,2824.91,1324.27,-0.03,59.66,99921,0,0.03,574,895,
1318,564,0.03,1.4,60,4.38,8.42,20593.39,2831.75,1325.61,-0.03,59.79,99599,0,0.03,574,895,
1319,564,0.01,1.41,60,4.38,8.42,20499.51,2862.13,1327.12,-0.03,59.94,99641,0,0.03,574,895,
1320,565,0.01,1.42,60,4.38,8.42,20405.68,2903.64,1328.63,-0.03,60.08,99739,0,0.03,574,895,
1321,565,0.01,1.37,60,4.38,8.42,20311.21,2964.82,1330.15,-0.03,60.23,99751,0,0.03,575,896,
1322,565,0,1.32,60,4.38,8.42,20216.49,2988.34,1331.66,-0.03,60.37,99749,0,0.03,575,896,
1323,565,0,1.31,60,4.38,8.42,20121.87,3042.2,1333.18,-0.03,60.52,99748,0,0.03,575,896,
1324,566,0,1.32,60,4.38,8.42,20027.38,3069.62,1334.7,-0.03,60.66,99748,0,0.03,575,896,
1325,566,0,1.32,60,4.38,8.42,19933,3120.5,1336.22,-0.03,60.81,99748,0,0.03,576,896,
1326,566,0,1.32,60,4.38,8.42,19838.74,2976.6,1337.75,-0.03,60.95,99748,0,0.03,576,896,
1327,566,0,1.32,60,4.38,8.42,19744.6,2957.41,1339.27,-0.03,61.1,99748,0,0.03,576,896,
1328,566,0,1.32,60,4.38,8.42,19650.58,2998.34,1340.79,-0.03,61.24,99748,0,0.03,576,896,
1329,567,0,1.33,60,4.38,8.42,19556.68,3070.89,1342.32,-0.03,61.39,99748,0,0.03,576,896,
1330,567,0,1.33,60,4.38,8.42,19462.91,3265.19,1343.85,-0.03,61.53,99748,0,0.03,577,896,
1331,567,0,1.33,60,4.38,8.42,19369.26,3259.43,1345.38,-0.03,61.68,99748,0,0.03,577,896,
1332,567,0,1.33,60,4.38,8.42,19275.73,3260.68,1346.91,-0.03,61.83,99748,0,0.03,577,896,
1333,568,0,1.33,60,4.38,8.42,19182.32,3272,1348.44,-0.03,61.97,99748,0,0.03,577,896,
1334,568,0,1.33,60,4.38,8.42,19089.04,3315.28,1349.97,-0.03,62.12,99748,0,0.03,578,896,
1335,568,0,1.33,60,4.38,8.42,18995.89,3375.95,1351.51,-0.03,62.27,99748,0,0.03,578,896,
1336,568,0,1.33,60,4.38,8.42,18902.86,3426.87,1353.04,-0.03,62.41,99748,0,0.03,578,896,
1337,568,0,1.33,60,4.38,8.42,18809.96,3532.15,1354.58,-0.03,62.56,99748,0,0.03,578,896,
1338,569,0,1.34,60,4.38,8.42,18717.19,3408.83,1356.12,-0.03,62.71,99748,0,0.03,578,896,
1339,569,0,1.34,60,4.38,8.42,18624.55,3153.86,1357.66,-0.03,62.85,99748,0,0.03,579,896,
1340,569,0,1.34,60,4.38,8.42,18532.04,3065.92,1359.2,-0.03,63,99748,0,0.03,579,896,
1341,569,0,1.34,60,4.38,8.42,18439.65,3065.9,1360.74,-0.03,63.15,99748,0,0.03,579,896,
1342,570,0,1.34,60,4.38,8.42,18347.4,3195.82,1362.29,-0.03,63.3,99748,0,0.03,579,896,
1343,570,0,1.34,60,4.38,8.42,18255.28,3292.39,1363.83,-0.03,63.44,99748,0,0.03,580,896,
1344,570,0,1.34,60,4.38,8.42,18163.29,3327.68,1365.38,-0.03,63.59,99748,0,0.03,580,896,
1345,570,0,1.34,60,4.38,8.42,18071.44,3519.01,1366.93,-0.03,63.74,99748,0,0.03,580,896,
1346,570,0,1.34,60,4.38,8.42,17979.72,3499.43,1368.48,-0.03,63.89,99748,0,0.03,580,896,
1347,571,0,1.35,60,4.38,8.42,17888.13,3522.85,1370.03,-0.03,64.03,99748,0,0.03,580,896,
1348,571,0,1.35,60,4.38,8.42,17796.68,3555.82,1371.58,-0.03,64.18,99748,0,0.03,581,896,
1349,571,0,1.35,60,4.38,8.42,17705.37,3572.66,1373.13,-0.03,64.33,99748,0,0.03,581,896,
1350,571,0,1.35,60,4.38,8.42,17614.19,3558.52,1374.69,-0.03,64.48,99748,0,0.03,581,896,
1351,572,0,1.35,60,4.38,8.42,17523.15,3552.49,1376.24,-0.03,64.63,99748,0,0.03,581,896,
1352,572,0,1.35,60,4.38,8.42,17432.25,3580.95,1377.8,-0.03,64.78,99748,0,0.03,581,896,
1353,572,0,1.35,60,4.38,8.42,17341.49,3619.71,1379.36,-0.03,64.93,99748,0,0.03,582,896,
1354,572,0,1.35,60,4.38,8.42,17250.87,3683.45,1380.92,-0.03,65.07,99748,0,0.03,582,896,
1355,572,0.18,2.14,60,4.38,8.41,17160.21,3702.43,1382.48,-0.03,65.22,98391,0,0.03,581,896,
1356,565,0.73,7.23,60,4.39,8.4,17069.99,3736.91,1384.03,-0.03,65.37,85802,0,0.03,575,889,
1357,558,0.73,7.27,60,4.4,8.38,16980.11,3713.58,1385.56,-0.03,65.52,74892,0,0.03,568,881,
1358,551,0.73,7.3,60,4.41,8.36,16890.36,3739.65,1387.07,-0.03,65.66,65551,0,0.03,561,874,
1359,544,0.73,7.32,60,4.42,8.34,16800.64,3776.92,1388.57,-0.03,65.8,57692,0,0.03,554,867,
1360,537,0.73,7.34,60,4.43,8.32,16710.87,3792.58,1390.04,-0.03,65.95,51206,0,0.03,547,859,
1361,537,0,1.39,60,4.43,8.32,16621.21,3811.3,1391.51,-0.03,66.09,50728,0,0.03,547,859,
1362,537,0,1.37,60,4.43,8.32,16531.46,3843.71,1392.98,-0.03,66.23,50729,0,0.03,547,859,
1363,538,0,0,60,4.43,8.32,16437.82,3883.73,1394.51,-0.03,66.37,50729,0,0.03,547,859,
1364,538,0,0,60,4.43,8.32,16343.91,3916.28,1396.04,-0.03,66.52,50729,0,0.03,547,859,
1365,538,0,0,60,4.43,8.32,16245.42,3888.65,1397.65,-0.03,66.67,50729,0,0.03,548,859,
1366,538,0,0,60,4.43,8.32,16156.27,3857.35,1399.11,-0.03,66.81,50729,0,0.03,548,859,
1367,538,0,0,60,4.43,8.32,16064.74,3779.04,1400.61,-0.03,66.95,50729,0,0.03,548,859,
1368,539,0,0,60,4.43,8.32,15975.15,3747.27,1402.07,-0.03,67.09,50729,0,0.03,548,859,
1369,539,0,0,60,4.43,8.32,15876.68,3765.86,1403.68,-0.03,67.25,50729,0,0.03,549,859,
1370,539,0,0,60,4.43,8.32,15785.2,3743.09,1405.18,-0.03,67.39,50729,0,0.03,549,859,
1371,539,0,0,60,4.43,8.32,15703.97,3746.19,1406.51,-0.03,67.52,50729,0,0.03,549,859,
1372,540,0,0,60,4.43,8.32,15600.49,3767.95,1408.21,-0.03,67.68,50729,0,0.03,549,859,
1373,540,0,0,60,4.43,8.32,15501.65,3766.2,1409.83,-0.03,67.84,50729,0,0.03,550,859,
1374,540,0,0,60,4.43,8.32,15397.52,3814.47,1411.54,-0.03,68,50729,0,0.03,550,859,
1375,540,0,0,60,4.43,8.32,15304.2,3875.2,1413.07,-0.03,68.14,50729,0,0.03,550,859,
1376,541,0,0,60,4.43,8.32,15197.8,3990.17,1414.82,-0.03,68.31,50729,0,0.03,550,859,
1377,541,0,0,60,4.43,8.32,15119.6,4014.37,1416.1,-0.03,68.43,50729,0,0.03,551,859,
1378,541,0,0,60,4.43,8.32,15035.58,4049.69,1417.48,-0.03,68.57,50729,0,0.03,551,859,
1379,541,0,0,60,4.43,8.32,14945.73,4069.54,1418.96,-0.03,68.71,50729,0,0.03,551,859,
1380,542,0,0,60,4.43,8.32,14850.04,4099.21,1420.53,-0.03,68.86,50729,0,0.03,551,859,
1381,542,0,0,60,4.43,8.32,14748.51,4167.27,1422.21,-0.03,69.02,50729,0,0.03,551,859,
1382,542,0,0,60,4.43,8.32,14641.14,4193.63,1423.97,-0.03,69.19,50729,0,0.03,552,859,
1383,542,0,0,60,4.43,8.32,14527.9,4176.14,1425.84,-0.03,69.36,50729,0,0.03,552,859,
1384,543,0,0,60,4.43,8.32,14469.09,4190.93,1426.81,-0.03,69.46,50729,0,0.03,552,859,
1385,543,0,0,60,4.43,8.32,14347.05,4201.41,1428.82,-0.03,69.65,50729,0,0.03,553,859,
1386,543,0,0,60,4.43,8.32,14283.84,4223.21,1429.87,-0.03,69.75,50729,0,0.03,553,859,
1387,543,0,0,60,4.43,8.32,14152.99,4247.62,1432.03,-0.03,69.95,50729,0,0.03,553,859,
1388,544,0,0,60,4.43,8.32,14085.37,4264.63,1433.14,-0.03,70.06,50729,0,0.03,553,859,
1389,544,0,0,60,4.43,8.32,14016.27,4300.29,1434.28,-0.03,70.17,50729,0,0.03,553,859,
1390,544,0,0,60,4.43,8.32,13873.66,4381.92,1436.64,-0.03,70.4,50729,0,0.03,554,859,
1391,544,0,0,60,4.43,8.32,13800.14,4406.79,1437.86,-0.03,70.51,50729,0,0.03,554,859,
1392,545,0,0,60,4.43,8.32,13725.14,4392.24,1439.1,-0.03,70.63,50729,0,0.03,554,859,
1393,545,0,0,60,4.43,8.32,13648.67,4407.08,1440.37,-0.03,70.75,50729,0,0.03,554,859,
1394,545,0,0,60,4.43,8.32,13491.3,4389.68,1442.98,-0.03,71,50729,0,0.03,555,859,
1395,545,0,0,60,4.43,8.32,13410.4,4382.4,1444.32,-0.03,71.13,50729,0,0.03,555,859,
1396,546,0,0,60,4.43,8.32,13328.02,4384.23,1445.69,-0.03,71.26,50729,0,0.03,555,859,
1397,546,0,0,60,4.43,8.32,13244.16,4396.9,1447.08,-0.03,71.39,50729,0,0.03,555,859,
1398,546,0,0,60,4.43,8.32,13158.83,4374.1,1448.5,-0.03,71.53,50729,0,0.03,556,859,
1399,546,0,0,60,4.43,8.32,13072,4372.75,1449.94,-0.03,71.67,50729,0,0.03,556,859,
1400,547,0,0,60,4.43,8.32,12983.7,4399.85,1451.41,-0.03,71.81,50729,0,0.03,556,859,
1401,547,0,0,60,4.43,8.32,12893.91,4389.59,1452.9,-0.03,71.95,50729,0,0.03,556,859,
1402,547,0,0,60,4.43,8.32,12802.65,4345.15,1454.42,-0.03,72.09,50729,0,0.03,556,859,
1403,547,0,0,60,4.43,8.32,12711.36,4315.7,1455.94,-0.03,72.24,50729,0,0.03,557,859,
1404,547,0,0,60,4.43,8.32,12620.05,4304.83,1457.47,-0.03,72.38,50729,0,0.03,557,859,
1405,548,0,0,60,4.43,8.32,12528.72,4279.74,1458.99,-0.03,72.53,50729,0,0.03,557,859,
1406,548,0,0,60,4.43,8.32,12437.36,4274.87,1460.52,-0.03,72.68,50729,0,0.03,557,859,
1407,548,0,0,60,4.43,8.32,12345.99,4216.83,1462.04,-0.03,72.82,50729,0,0.03,558,859,
1408,548,0,0,60,4.43,8.32,12254.6,4124.53,1463.57,-0.03,72.97,50729,0,0.03,558,859,
1409,549,0,0,60,4.43,8.32,12163.19,3993.19,1465.1,-0.03,73.11,50729,0,0.03,558,859,
1411,549,0,0,60,4.43,8.32,11980.32,3671.49,1468.16,-0.03,73.41,50729,0,0.03,559,859,
1412,549,0,0,60,4.43,8.32,11888.85,3529.65,1469.7,-0.03,73.55,50729,0,0.03,559,859,
1413,550,0,0,60,4.43,8.32,11797.37,3519.32,1471.23,-0.03,73.7,50729,0,0.03,559,859,
1414,550,0,0,60,4.43,8.32,11705.88,3493.28,1472.77,-0.03,73.85,50729,0,0.03,559,859,
1415,550,0,0,60,4.43,8.32,11614.37,3466.59,1474.3,-0.03,73.99,50729,0,0.03,560,859,
1416,550,0,0,60,4.43,8.32,11522.84,3338.08,1475.84,-0.03,74.14,50729,0,0.03,560,859,
1417,551,0,0,60,4.43,8.32,11431.31,3224.09,1477.38,-0.03,74.29,50729,0,0.03,560,859,
1418,551,0,0,60,4.43,8.32,11339.75,3129.01,1478.93,-0.03,74.43,50729,0,0.03,560,859,
1419,551,0,0,60,4.43,8.32,11248.19,3035.93,1480.47,-0.03,74.58,50729,0,0.03,561,859,
1420,551,0,0,60,4.43,8.32,11156.61,2967.6,1482.01,-0.03,74.73,50729,0,0.03,561,859,
1421,552,0,0,60,4.43,8.32,11065.02,2939.93,1483.56,-0.03,74.88,50729,0,0.03,561,859,
1422,552,0,0,60,4.43,8.32,10973.43,2894.18,1485.1,-0.03,75.02,50729,0,0.03,561,859,
1423,552,0,0,60,4.43,8.32,10881.82,2901.81,1486.65,-0.03,75.17,50729,0,0.03,561,859,
1424,552,0,0,60,4.43,8.32,10790.2,2939.14,1488.2,-0.03,75.32,50729,0,0.03,562,859,
1425,553,0,0,60,4.43,8.32,10698.57,2984.51,1489.75,-0.03,75.47,50729,0,0.03,562,859,
1426,553,0,0,60,4.43,8.32,10606.94,2956.78,1491.31,-0.03,75.62,50729,0,0.03,562,859,
1427,553,0,0,60,4.43,8.32,10515.29,2983.64,1492.86,-0.03,75.76,50729,0,0.03,562,859,
1428,553,0,0,60,4.43,8.32,10423.64,3018.19,1494.42,-0.03,75.91,50729,0,0.03,563,859,
1429,554,0,0,60,4.43,8.32,10331.98,3009.73,1495.97,-0.03,76.06,50729,0,0.03,563,859,
1430,554,0,0,60,4.43,8.32,10313.65,2998.16,1496.28,-0.03,76.09,50729,0,0.03,563,859,
1431,554,0,0,60,4.43,8.32,10221.99,2957.93,1497.84,-0.03,76.24,50729,0,0.03,563,859,
1432,554,0,0,60,4.43,8.32,10158.41,2949.46,1498.92,-0.03,76.34,50729,0,0.03,563,859,
1433,554,0,0,60,4.43,8.32,10061.6,2936.45,1500.57,-0.03,76.5,50729,0,0.03,564,859,
1434,554,0,0,60,4.43,8.32,9971.03,2953.14,1502.11,-0.03,76.65,50729,0,0.03,564,859,
1435,555,0,0,60,4.43,8.32,9874.92,2980.6,1503.75,-0.03,76.8,50729,0,0.03,564,859,
1436,555,0,0,60,4.43,8.32,9780.85,2994.81,1505.36,-0.03,76.96,50729,0,0.03,564,859,
1437,555,0,0,60,4.43,8.32,9684.77,3003.01,1507,-0.03,77.11,50729,0,0.03,565,859,
1438,556,0,0,60,4.43,8.32,9591.07,3037.17,1508.6,-0.03,77.27,50729,0,0.03,565,859,
1439,556,0,0,60,4.43,8.32,9503.6,3017.35,1510.1,-0.03,77.41,50729,0,0.03,565,859,
1440,556,0,0,60,4.43,8.32,9409.53,2982.83,1511.71,-0.03,77.56,50729,0,0.03,565,859,
1441,556,0,0,60,4.43,8.32,9308.86,2935.36,1513.44,-0.03,77.73,50729,0,0.03,566,859,
1442,557,0,0,60,4.43,8.32,9219.93,2874,1514.96,-0.03,77.87,50729,0,0.03,566,859,
1443,557,0,0,60,4.43,8.32,9128.24,2804.26,1516.54,-0.03,78.02,50729,0,0.03,566,859,
1444,557,0,0,60,4.43,8.32,9036.56,2767.4,1518.11,-0.03,78.18,50729,0,0.03,566,859,
1445,557,0,0,60,4.43,8.32,8944.89,2752.66,1519.69,-0.03,78.33,50729,0,0.03,567,859,
1446,557,0,0,60,4.43,8.32,8853.22,2738.62,1521.27,-0.03,78.48,50729,0,0.03,567,859,
1447,558,0,0,60,4.43,8.32,8761.55,2742.28,1522.85,-0.03,78.63,50729,0,0.03,567,859,
1448,558,0,0,0,0,8.32,8692.25,2757.96,1524.05,-0.03,78.74,50591,0,0.03,567,0,
1449,558,0,0,0,0,8.32,8595.22,2774.67,1525.72,-0.03,78.9,50591,0,0.03,567,0,
1450,557,0.08,1.68,60,4.43,8.32,8511.86,2815.07,1527.16,-0.03,79.04,49006,0,0.03,566,857,
1451,550,0.74,7.29,60,4.44,8.3,8420.25,2856,1528.73,-0.03,79.19,42597,0,0.03,559,850,
1452,543,0.74,7.19,59.61,4.42,8.28,8328.91,2900.59,1530.28,-0.03,79.34,37080,0,0.03,552,844,
1453,536,0.69,6.74,55.92,4.15,8.26,8238.33,2916.03,1531.81,-0.03,79.48,32655,0,0.04,545,836,
1454,530,0.66,6.45,54.03,4.02,8.25,8148.59,2940.4,1533.33,-0.03,79.63,29226,0,0.04,539,830,
1455,523,0.67,6.51,55.16,4.11,8.23,8059.73,2958.77,1534.82,-0.03,79.77,26383,0,0.04,533,823,
1456,518,0.52,5.11,41.06,3.07,8.22,7971.71,3034.28,1536.3,-0.03,79.91,24296,0,0.04,527,817,
1457,513,0.53,5.12,44.21,3.31,8.21,7884.32,3037.32,1537.77,-0.03,80.05,22778,0,0.04,523,812,
1458,508,0.6,5.79,46.62,3.49,8.19,7797.59,3038.1,1539.22,-0.03,80.19,21207,0,0.04,517,806,
1459,503,0.54,5.23,42.86,3.22,8.18,7711.53,3048.07,1540.66,-0.03,80.33,19974,0,0.04,512,801,
1460,497,0.59,5.68,47.02,3.54,8.17,7626.08,3052.33,1542.08,-0.02,80.46,18838,0,0.04,507,796,
1461,492,0.55,5.33,43.1,3.25,8.15,7541.28,3044.7,1543.49,-0.02,80.6,17840,0,0.04,501,790,
1462,487,0.61,5.92,48.49,3.66,8.14,7457.07,3059.48,1544.88,-0.02,80.73,16961,0,0.04,496,784,
1463,481,0.62,6.05,49.84,3.77,8.12,7373.5,3045.71,1546.26,-0.02,80.86,16122,0,0.05,490,778,
1464,475,0.64,6.19,50.58,3.83,8.11,7290.59,3027.71,1547.62,-0.02,80.99,15361,0,0.05,484,771,
1465,469,0.64,6.19,51.45,3.9,8.09,7208.34,3024.68,1548.97,-0.02,81.12,14683,0,0.05,478,765,
1466,463,0.65,6.32,52.39,3.98,8.08,7126.74,2980.44,1550.3,-0.02,81.25,14069,0,0.05,472,760,
1467,457,0.65,6.31,51.66,3.93,8.06,7045.78,2981.96,1551.61,-0.02,81.37,13516,0,0.05,466,753,
1468,450,0.65,6.32,52,3.97,8.05,6965.43,2856.46,1552.9,-0.02,81.5,13016,0,0.05,460,747,
1469,444,0.65,6.27,50.72,3.88,8.03,6885.69,2793.94,1554.18,-0.02,81.62,12565,0,0.05,454,740,
1470,438,0.64,6.21,51.49,3.94,8.02,6806.53,2780.21,1555.44,-0.02,81.74,12156,0,0.06,447,733,
1471,432,0.65,6.32,50.84,3.9,8,6727.91,2816.69,1556.68,-0.02,81.86,11778,0,0.06,441,727,
1472,426,0.65,6.32,51.17,3.93,7.99,6649.85,2897.22,1557.9,-0.02,81.97,11427,0,0.06,435,720,
1473,420,0.65,6.3,51.28,3.95,7.97,6572.32,2883.32,1559.11,-0.02,82.09,11103,0,0.06,429,715,
1474,414,0.65,6.24,50.82,3.92,7.96,6495.29,2885.72,1560.3,-0.02,82.2,10805,0,0.06,423,708,
1475,408,0.66,6.32,51.17,3.95,7.94,6418.75,2898.7,1561.47,-0.02,82.32,10525,0,0.06,417,702,
1476,401,0.66,6.39,50.92,3.94,7.93,6342.7,2903.62,1562.63,-0.02,82.43,10258,0,0.06,411,695,
1477,395,0.66,6.39,51.24,3.98,7.91,6267.14,2870.87,1563.76,-0.02,82.53,10008,0,0.06,404,689,
1478,389,0.68,6.53,52.27,4.06,7.9,6192.05,2830.96,1564.88,-0.02,82.64,9768,0,0.06,398,682,
1479,383,0.68,6.58,53.04,4.13,7.88,6117.45,2777.4,1565.99,-0.02,82.75,9539,0,0.06,392,675,
1480,376,0.68,6.52,51.99,4.06,7.87,6043.34,2751.7,1567.07,-0.02,82.85,9323,0,0.06,385,669,
1481,370,0.69,6.59,52.84,4.13,7.85,5969.68,2735.01,1568.13,-0.02,82.95,9118,0,0.06,379,662,
1482,363,0.67,6.48,52.57,4.12,7.84,5896.48,2724.14,1569.18,-0.02,83.05,8924,0,0.06,373,656,
1483,357,0.67,6.47,52.41,4.11,7.82,5823.72,2715.16,1570.21,-0.02,83.15,8740,0,0.06,366,649,
1484,351,0.67,6.47,50.71,3.99,7.8,5751.38,2708.05,1571.22,-0.02,83.25,8563,0,0.06,360,642,
1485,344,0.68,6.49,52.54,4.14,7.79,5678.02,2711.77,1572.23,-0.02,83.34,8390,0,0.06,354,635,
1486,338,0.69,6.61,53.45,4.22,7.77,5607.95,2726.54,1573.18,-0.02,83.43,8228,0,0.07,347,628,
1487,332,0.7,6.67,52.44,4.15,7.76,5536.89,2758.92,1574.14,-0.02,83.53,8066,0,0.07,341,623,
1488,325,0.7,6.68,53.01,4.2,7.74,5466.28,2779.53,1575.08,-0.02,83.61,7910,0,0.07,334,616,
1489,319,0.69,6.6,52.99,4.21,7.73,5396.12,2790.57,1575.99,-0.02,83.7,7759,0,0.07,328,609,
1490,312,0.7,6.65,53.14,4.23,7.71,5326.39,2815.45,1576.89,-0.02,83.79,7614,0,0.07,321,602,
1491,306,0.7,6.68,53.54,4.27,7.69,5257.1,2871.66,1577.77,-0.02,83.87,7472,0,0.07,315,595,
1492,299,0.71,6.75,52.69,4.21,7.68,5188.27,2856.45,1578.63,-0.02,83.95,7333,0,0.07,308,588,
1493,293,0.7,6.71,52.96,4.24,7.66,5119.91,2837.99,1579.48,-0.02,84.03,7197,0,0.07,302,581,
1494,286,0.71,6.78,53.39,4.29,7.65,5052.01,2839.73,1580.3,-0.02,84.11,7064,0,0.08,295,575,
1495,279,0.72,6.83,53.93,4.34,7.63,4984.61,2865.14,1581.1,-0.02,84.19,6934,0,0.08,288,568,
1496,273,0.72,6.87,54.64,4.41,7.62,4917.73,2899.48,1581.89,-0.02,84.27,6805,0,0.08,282,561,
1497,266,0.73,6.91,53.99,4.36,7.6,4851.37,2928.01,1582.65,-0.02,84.34,6679,0,0.08,275,553,
1498,259,0.73,6.97,54.7,4.43,7.58,4785.58,3002.82,1583.39,-0.02,84.41,6554,0,0.08,268,546,
1499,252,0.73,6.95,53.91,4.37,7.57,4720.37,3006.29,1584.12,-0.02,84.48,6431,0,0.09,261,538,
1500,246,0.73,6.92,53.97,4.39,7.55,4655.76,2868.96,1584.82,-0.02,84.55,6312,0,0.09,255,531,
1501,239,0.73,6.94,54.2,4.42,7.53,4591.75,2736.04,1585.51,-0.02,84.61,6194,0,0.09,248,525,
1502,232,0.73,6.94,54.54,4.45,7.52,4528.37,2668.33,1586.17,-0.02,84.67,6078,0,0.09,241,518,
1503,225,0.74,7.01,55.15,4.51,7.5,4465.64,2623.79,1586.82,-0.02,84.74,5963,0,0.1,234,510,
1504,218,0.74,7.03,54.67,4.48,7.48,4403.61,2618.7,1587.44,-0.02,84.8,5849,0,0.1,227,503,
1505,212,0.74,6.99,54.03,4.44,7.47,4342.3,2629.09,1588.05,-0.02,84.85,5737,0,0.1,220,495,
1506,205,0.73,6.89,53.72,4.43,7.45,4281.74,2669.31,1588.63,-0.02,84.91,5628,0,0.11,214,488,
1507,198,0.73,6.9,53.79,4.44,7.44,4221.91,2714.22,1589.2,-0.02,84.96,5521,0,0.11,207,481,
1508,191,0.74,6.97,54.32,4.49,7.42,4162.86,2713.87,1589.74,-0.02,85.02,5414,0,0.11,200,475,
1509,184,0.75,7.02,55.54,4.61,7.4,4104.65,2710.71,1590.27,-0.02,85.07,5307,0,0.12,193,467,
1510,178,0.75,7.03,54.46,4.53,7.39,4047.32,2710.38,1590.77,-0.02,85.11,5201,0,0.12,186,460,
1511,171,0.75,7.04,55.07,4.59,7.37,3990.94,2717.76,1591.26,-0.02,85.16,5096,0,0.12,179,452,
1512,164,0.75,7,53.74,4.49,7.35,3935.52,2743.69,1591.72,-0.02,85.2,4992,0,0.13,173,444,
1513,157,0.76,7.03,54.34,4.55,7.34,3881.12,2777.75,1592.17,-0.02,85.25,4890,0,0.13,166,437,
1514,150,0.77,7.14,55.46,4.65,7.32,3827.8,2803.05,1592.59,-0.02,85.29,4787,0,0.14,159,429,
1515,143,0.77,7.14,54.66,4.59,7.31,3775.65,2826.68,1592.99,-0.02,85.33,4685,0,0.14,152,423,
1516,136,0.78,7.2,55.59,4.68,7.29,3724.72,2849.7,1593.38,-0.02,85.36,4584,0,0.15,145,415,
1517,129,0.78,7.19,55.27,4.67,7.27,3675.1,2876.34,1593.74,-0.02,85.4,4483,0,0.16,138,407,
1518,122,0.79,7.27,56.36,4.77,7.25,3626.86,2899.84,1594.08,-0.02,85.43,4384,0,0.16,130,399,
1519,115,0.78,7.21,55.74,4.73,7.24,3580.08,2919.38,1594.4,-0.02,85.46,4286,0,0.17,123,392,
1520,108,0.79,7.21,55.56,4.72,7.22,3534.84,2938.24,1594.7,-0.02,85.49,4189,0,0.18,116,384,
1521,101,0.79,7.25,56.4,4.81,7.2,3491.23,2956.99,1594.98,-0.02,85.52,4094,0,0.19,109,376,
1522,94,0.8,7.27,56.36,4.81,7.19,3449.34,2977.24,1595.24,-0.02,85.54,4001,0,0.2,102,369,
1523,87,0.79,7.22,56.71,4.86,7.17,3409.27,3000.29,1595.47,-0.02,85.56,3909,0,0.21,95,361,
1524,79,0.8,7.25,56.11,4.82,7.15,3371.13,3021.91,1595.69,-0.02,85.58,3820,0,0.22,88,353,
1525,72,0.8,7.22,55.86,4.81,7.14,3335.03,3040.03,1595.89,-0.02,85.6,3733,0,0.23,80,345,
1526,65,0.8,7.2,55.81,4.81,7.12,3301.11,3054.48,1596.06,-0.02,85.62,3648,0,0.24,73,337,
1527,58,0.8,7.21,56.14,4.85,7.1,3269.5,3066.6,1596.22,-0.02,85.63,3567,0,0.26,66,329,
1528,51,0.86,7.76,60,5.2,7.08,3240.5,3077.97,1596.35,-0.02,85.65,3484,0,0.28,58,320,
1529,43,0.87,7.74,60,5.21,7.07,3214.43,3089.61,1596.47,-0.02,85.66,3407,0,0.3,51,313,
1530,35,0.87,7.72,60,5.23,7.05,3191.5,3099.08,1596.56,-0.02,85.67,3336,0,0.32,43,305,
1531,28,0.87,7.69,60,5.24,7.03,3171.93,3106.46,1596.64,-0.02,85.67,3273,0,0.35,35,296,
1532,20,0.87,7.65,60,5.25,7.01,3156.01,3112.03,1596.69,-0.02,85.68,3218,0,0.38,28,287,
1533,13,0.87,7.58,60,5.27,6.99,3144.08,3116.18,1596.72,-0.02,85.68,3174,0,0.4,20,278,
1534,6,0.85,7.24,58.54,5.15,6.98,3136.62,3118.16,1596.74,-0.02,85.68,3144,0,0.36,13,270,
1535,2,0.43,2.89,22.44,1.98,6.96,3133.6,3118.55,1596.74,-0.02,85.68,3133,0,0.31,9,264,
1536,2,0.14,0.27,9.32,0.82,6.96,3131.97,3118.44,1596.74,-0.02,85.68,3131,0,0.17,8,262,
1537,2,0.18,0.3,12.51,1.1,6.96,3130.07,3118.19,1596.74,-0.02,85.68,3129,0,0.05,8,260,
1538,2,0.2,0.53,13.47,1.19,6.95,3128.38,3117.92,1596.74,-0.02,85.68,3127,0,0.04,9,259,
1539,1,0.19,0.44,12.88,1.14,6.95,3127.01,3117.73,1596.73,-0.02,85.68,3126,0,0.07,9,257,
1540,1,0.18,0.3,12.34,1.09,6.94,3125.9,3117.62,1596.73,-0.02,85.68,3124,0,0.08,9,255,
1541,1,0.18,0.2,12.16,1.08,6.94,3124.96,3117.59,1596.73,-0.02,85.68,3123,0,0.08,9,253,
1542,1,0.18,0.19,12.24,1.08,6.94,3124.2,3117.6,1596.73,-0.02,85.68,3122,0,0.08,9,251,
1543,1,0.18,0.15,11.91,1.06,6.93,3123.61,3117.62,1596.73,-0.02,85.68,3122,0,0.07,9,250,
1544,0,0.16,0.05,10.9,0.97,6.93,3123.16,3117.65,1596.73,-0.02,85.68,3121,0,0.05,9,248,
1545,0,0.17,0.41,60,5.32,6.93,3122.71,3117.63,1596.73,-0.02,85.68,3121,0,0.82,9,246,
1546,2,0.05,1.17,60,5.32,6.93,3121.58,3116.92,1596.73,-0.02,85.68,3121,0,2.5,9,246,
1547,1,0.36,1.95,60,5.32,6.93,3120.13,3116.03,1596.73,-0.02,85.68,3119,0,5.67,9,246,
1548,1,0.16,0.34,60,5.32,6.93,3119.88,3115.51,1596.73,-0.02,85.68,3119,0,3.58,9,246,
1549,1,0.15,0.24,60,5.32,6.93,3119.51,3115.16,1596.73,-0.02,85.68,3118,0,2.54,9,246,
1550,1,0.19,0.3,60,5.32,6.93,3119.08,3114.86,1596.73,-0.02,85.68,3118,0,1.73,9,246,
